id,chemin_origine,ad_id,etat_declare,classe_declaree,fichier,vehicule,fraction_cadre,garde
0001,dl/data/leboncoin-private/raw/images/excellent_condition/3240405259/02.jpg,3240405259,excellent_condition,intact,0001.jpg,True,0.24542646615385152,False
0002,dl/data/leboncoin-private/raw/images/damaged/3185977113/01.jpg,3185977113,damaged,abime,0002.jpg,True,0.7176157724961904,True
0003,dl/data/leboncoin-private/raw/images/excellent_condition/3166748698/06.jpg,3166748698,excellent_condition,intact,0003.jpg,False,,False
0004,dl/data/leboncoin-private/raw/images/undamaged/3205621220/00.jpg,3205621220,undamaged,intact,0004.jpg,True,0.23457705067150528,False
0005,dl/data/leboncoin-private/raw/images/damaged/3220859854/01.jpg,3220859854,damaged,abime,0005.jpg,True,0.9487870678834697,True
0006,dl/data/leboncoin-private/raw/images/damaged/3234700974/00.jpg,3234700974,damaged,abime,0006.jpg,True,0.6140137225445923,True
0007,dl/data/leboncoin-private/raw/images/excellent_condition/3240381988/00.jpg,3240381988,excellent_condition,intact,0007.jpg,True,0.6102498457923594,True
0008,dl/data/leboncoin-private/raw/images/not_drivable/3217065511/01.jpg,3217065511,not_drivable,abime,0008.jpg,True,0.7454067993164063,True
0009,dl/data/leboncoin-private/raw/images/excellent_condition/3170410605/02.jpg,3170410605,excellent_condition,intact,0009.jpg,True,0.7544763336151518,True
0010,dl/data/leboncoin-private/raw/images/excellent_condition/3238073327/02.jpg,3238073327,excellent_condition,intact,0010.jpg,False,,False
0011,dl/data/leboncoin-private/raw/images/undamaged/3239595565/01.jpg,3239595565,undamaged,intact,0011.jpg,True,0.15212136111091823,False
0012,dl/data/leboncoin-private/raw/images/excellent_condition/3240461429/01.jpg,3240461429,excellent_condition,intact,0012.jpg,True,0.1910724837476001,False
0013,dl/data/leboncoin-private/raw/images/not_drivable/3230384258/00.jpg,3230384258,not_drivable,abime,0013.jpg,True,0.39848721553364774,True
0014,dl/data/leboncoin-private/raw/images/not_drivable/3218487522/01.jpg,3218487522,not_drivable,abime,0014.jpg,True,0.8595147609710694,True
0015,dl/data/leboncoin-private/raw/images/undamaged/3240234936/02.jpg,3240234936,undamaged,intact,0015.jpg,True,0.9765367543081699,True
0016,dl/data/leboncoin-private/raw/images/undamaged/3239409486/00.jpg,3239409486,undamaged,intact,0016.jpg,True,0.7369632959610609,True
0017,dl/data/leboncoin-private/raw/images/excellent_condition/3236591536/02.jpg,3236591536,excellent_condition,intact,0017.jpg,False,,False
0018,dl/data/leboncoin-private/raw/images/excellent_condition/3233005161/01.jpg,3233005161,excellent_condition,intact,0018.jpg,True,0.8769572492523687,True
0019,dl/data/leboncoin-private/raw/images/undamaged/3193484681/04.jpg,3193484681,undamaged,intact,0019.jpg,True,0.9827291180308443,True
0020,dl/data/leboncoin-private/raw/images/damaged/3238723084/00.jpg,3238723084,damaged,abime,0020.jpg,True,0.849692075588624,True
0021,dl/data/leboncoin-private/raw/images/not_drivable/3239595405/00.jpg,3239595405,not_drivable,abime,0021.jpg,True,0.6322066280489933,True
0022,dl/data/leboncoin-private/raw/images/undamaged/3240083712/02.jpg,3240083712,undamaged,intact,0022.jpg,True,0.5328347554077453,True
0023,dl/data/leboncoin-private/raw/images/not_drivable/3230846406/02.jpg,3230846406,not_drivable,abime,0023.jpg,True,0.9575518701619868,True
0024,dl/data/leboncoin-private/raw/images/damaged/3236494484/00.jpg,3236494484,damaged,abime,0024.jpg,True,0.2459659383318542,False
0025,dl/data/leboncoin-private/raw/images/not_drivable/3232205335/01.jpg,3232205335,not_drivable,abime,0025.jpg,True,0.54311669975593,True
0026,dl/data/leboncoin-private/raw/images/damaged/3238577466/02.jpg,3238577466,damaged,abime,0026.jpg,True,0.7173830205371823,True
0027,dl/data/leboncoin-private/raw/images/undamaged/3239740659/01.jpg,3239740659,undamaged,intact,0027.jpg,True,0.38904811903156244,True
0028,dl/data/leboncoin-private/raw/images/excellent_condition/3240439796/01.jpg,3240439796,excellent_condition,intact,0028.jpg,True,0.3908375905324021,True
0029,dl/data/leboncoin-private/raw/images/damaged/3238938720/00.jpg,3238938720,damaged,abime,0029.jpg,True,0.3330096733593115,True
0030,dl/data/leboncoin-private/raw/images/not_drivable/3208786393/02.jpg,3208786393,not_drivable,abime,0030.jpg,False,,False
0031,dl/data/leboncoin-private/raw/images/damaged/3235520943/02.jpg,3235520943,damaged,abime,0031.jpg,True,0.9573117876198234,True
0032,dl/data/leboncoin-private/raw/images/damaged/3237214879/00.jpg,3237214879,damaged,abime,0032.jpg,True,0.5212142478885434,True
0033,dl/data/leboncoin-private/raw/images/undamaged/3239617284/02.jpg,3239617284,undamaged,intact,0033.jpg,True,0.9914693772474396,True
0034,dl/data/leboncoin-private/raw/images/damaged/3224986868/01.jpg,3224986868,damaged,abime,0034.jpg,True,0.4381669098099092,True
0035,dl/data/leboncoin-private/raw/images/excellent_condition/3240457251/00.jpg,3240457251,excellent_condition,intact,0035.jpg,True,0.4160713675957629,True
0036,dl/data/leboncoin-private/raw/images/undamaged/3239661740/01.jpg,3239661740,undamaged,intact,0036.jpg,True,0.2054772743589396,False
0037,dl/data/leboncoin-private/raw/images/excellent_condition/3240360501/01.jpg,3240360501,excellent_condition,intact,0037.jpg,True,0.8298966354372582,True
0038,dl/data/leboncoin-private/raw/images/not_drivable/3231791119/02.jpg,3231791119,not_drivable,abime,0038.jpg,True,0.4962093728234633,True
0039,dl/data/leboncoin-private/raw/images/not_drivable/3228911289/00.jpg,3228911289,not_drivable,abime,0039.jpg,True,0.29835819438078237,False
0040,dl/data/leboncoin-private/raw/images/not_drivable/3202330636/01.jpg,3202330636,not_drivable,abime,0040.jpg,True,0.7716347170641875,True
0041,dl/data/leboncoin-private/raw/images/damaged/3226810792/00.jpg,3226810792,damaged,abime,0041.jpg,True,0.17262865219245482,False
0042,dl/data/leboncoin-private/raw/images/not_drivable/3238574989/00.jpg,3238574989,not_drivable,abime,0042.jpg,True,0.44890922800272826,True
0043,dl/data/leboncoin-private/raw/images/not_drivable/3230142316/01.jpg,3230142316,not_drivable,abime,0043.jpg,True,0.749199248221521,True
0044,dl/data/leboncoin-private/raw/images/not_drivable/3237142252/00.jpg,3237142252,not_drivable,abime,0044.jpg,True,0.9903413454691569,True
0045,dl/data/leboncoin-private/raw/images/damaged/3234021784/02.jpg,3234021784,damaged,abime,0045.jpg,True,0.27339779727623015,False
0046,dl/data/leboncoin-private/raw/images/damaged/3237124901/00.jpg,3237124901,damaged,abime,0046.jpg,True,0.7313655415380556,True
0047,dl/data/leboncoin-private/raw/images/damaged/3232909544/01.jpg,3232909544,damaged,abime,0047.jpg,True,0.6306708048499393,True
0048,dl/data/leboncoin-private/raw/images/damaged/3238049561/01.jpg,3238049561,damaged,abime,0048.jpg,True,0.6263305393825729,True
0049,dl/data/leboncoin-private/raw/images/undamaged/3239452327/00.jpg,3239452327,undamaged,intact,0049.jpg,True,0.7138851272265034,True
0050,dl/data/leboncoin-private/raw/images/not_drivable/3216550515/02.jpg,3216550515,not_drivable,abime,0050.jpg,True,0.9593580273454391,True
0051,dl/data/leboncoin-private/raw/images/not_drivable/3219808843/01.jpg,3219808843,not_drivable,abime,0051.jpg,True,0.3424690712062118,True
0052,dl/data/leboncoin-private/raw/images/damaged/3227287620/01.jpg,3227287620,damaged,abime,0052.jpg,True,0.6863586990058574,True
0053,dl/data/leboncoin-private/raw/images/excellent_condition/3240366537/02.jpg,3240366537,excellent_condition,intact,0053.jpg,True,0.224980110067872,False
0054,dl/data/leboncoin-private/raw/images/undamaged/3240334348/00.jpg,3240334348,undamaged,intact,0054.jpg,True,0.46326072295526366,True
0055,dl/data/leboncoin-private/raw/images/not_drivable/3212499193/00.jpg,3212499193,not_drivable,abime,0055.jpg,True,0.6057784080505371,True
0056,dl/data/leboncoin-private/raw/images/damaged/3240284488/01.jpg,3240284488,damaged,abime,0056.jpg,True,0.5928163209037884,True
0057,dl/data/leboncoin-private/raw/images/excellent_condition/3238337702/01.jpg,3238337702,excellent_condition,intact,0057.jpg,True,0.8888020293214398,True
0058,dl/data/leboncoin-private/raw/images/excellent_condition/3240477506/01.jpg,3240477506,excellent_condition,intact,0058.jpg,False,,False
0059,dl/data/leboncoin-private/raw/images/not_drivable/3236181853/00.jpg,3236181853,not_drivable,abime,0059.jpg,True,0.6013857893129826,True
0060,dl/data/leboncoin-private/raw/images/not_drivable/3236427342/01.jpg,3236427342,not_drivable,abime,0060.jpg,True,0.44155151758868233,True
0061,dl/data/leboncoin-private/raw/images/not_drivable/3225970283/02.jpg,3225970283,not_drivable,abime,0061.jpg,False,,False
0062,dl/data/leboncoin-private/raw/images/undamaged/3240064691/02.jpg,3240064691,undamaged,intact,0062.jpg,True,0.23739666411290988,False
0063,dl/data/leboncoin-private/raw/images/damaged/3237625715/01.jpg,3237625715,damaged,abime,0063.jpg,True,0.9227776073656534,True
0064,dl/data/leboncoin-private/raw/images/not_drivable/3222105945/02.jpg,3222105945,not_drivable,abime,0064.jpg,True,0.8526553241964746,True
0065,dl/data/leboncoin-private/raw/images/undamaged/3240065436/02.jpg,3240065436,undamaged,intact,0065.jpg,True,0.9171222866130152,True
0066,dl/data/leboncoin-private/raw/images/excellent_condition/3240470544/01.jpg,3240470544,excellent_condition,intact,0066.jpg,True,0.7452521344726102,True
0067,dl/data/leboncoin-private/raw/images/excellent_condition/3240395938/00.jpg,3240395938,excellent_condition,intact,0067.jpg,True,0.8498970235478599,True
0068,dl/data/leboncoin-private/raw/images/undamaged/3239279702/01.jpg,3239279702,undamaged,intact,0068.jpg,True,0.8477092416063529,True
0069,dl/data/leboncoin-private/raw/images/excellent_condition/3240441316/01.jpg,3240441316,excellent_condition,intact,0069.jpg,True,0.8241108002496295,True
0070,dl/data/leboncoin-private/raw/images/excellent_condition/3240389389/01.jpg,3240389389,excellent_condition,intact,0070.jpg,False,,False
0071,dl/data/leboncoin-private/raw/images/damaged/2945872401/01.jpg,2945872401,damaged,abime,0071.jpg,True,0.8528253527023664,True
0072,dl/data/leboncoin-private/raw/images/not_drivable/3239004654/00.jpg,3239004654,not_drivable,abime,0072.jpg,True,0.7028340530395508,True
0073,dl/data/leboncoin-private/raw/images/undamaged/3239908350/01.jpg,3239908350,undamaged,intact,0073.jpg,True,0.6311650516959946,True
0074,dl/data/leboncoin-private/raw/images/excellent_condition/3238375109/02.jpg,3238375109,excellent_condition,intact,0074.jpg,True,0.9197735268603152,True
0075,dl/data/leboncoin-private/raw/images/damaged/3237458893/02.jpg,3237458893,damaged,abime,0075.jpg,False,,False
0076,dl/data/leboncoin-private/raw/images/undamaged/3240351015/01.jpg,3240351015,undamaged,intact,0076.jpg,True,0.5865075391746114,True
0077,dl/data/leboncoin-private/raw/images/not_drivable/3239683951/00.jpg,3239683951,not_drivable,abime,0077.jpg,True,0.3959520638375276,True
0078,dl/data/leboncoin-private/raw/images/not_drivable/3214158011/02.jpg,3214158011,not_drivable,abime,0078.jpg,True,0.4174012509220706,True
0079,dl/data/leboncoin-private/raw/images/damaged/3234349497/00.jpg,3234349497,damaged,abime,0079.jpg,True,0.1670535621649634,False
0080,dl/data/leboncoin-private/raw/images/not_drivable/3236370662/00.jpg,3236370662,not_drivable,abime,0080.jpg,True,0.23251521367342987,False
0081,dl/data/leboncoin-private/raw/images/excellent_condition/3240474217/02.jpg,3240474217,excellent_condition,intact,0081.jpg,True,0.7980987358093262,True
0082,dl/data/leboncoin-private/raw/images/excellent_condition/3240432959/01.jpg,3240432959,excellent_condition,intact,0082.jpg,True,0.5204917095546049,True
0083,dl/data/leboncoin-private/raw/images/excellent_condition/3205831782/01.jpg,3205831782,excellent_condition,intact,0083.jpg,True,0.6277538870170363,True
0084,dl/data/leboncoin-private/raw/images/not_drivable/3225667503/01.jpg,3225667503,not_drivable,abime,0084.jpg,True,0.42205453984130903,True
0085,dl/data/leboncoin-private/raw/images/excellent_condition/3240466880/00.jpg,3240466880,excellent_condition,intact,0085.jpg,True,0.27087842059708606,False
0086,dl/data/leboncoin-private/raw/images/damaged/3239125113/02.jpg,3239125113,damaged,abime,0086.jpg,True,0.40890759435085783,True
0087,dl/data/leboncoin-private/raw/images/not_drivable/3233208210/02.jpg,3233208210,not_drivable,abime,0087.jpg,False,,False
0088,dl/data/leboncoin-private/raw/images/not_drivable/3236147573/00.jpg,3236147573,not_drivable,abime,0088.jpg,True,0.4712430635347154,True
0089,dl/data/leboncoin-private/raw/images/excellent_condition/3240318536/01.jpg,3240318536,excellent_condition,intact,0089.jpg,True,0.6964429986260974,True
0090,dl/data/leboncoin-private/raw/images/damaged/3238290783/00.jpg,3238290783,damaged,abime,0090.jpg,True,0.7037932721610454,True
0091,dl/data/leboncoin-private/raw/images/not_drivable/3237143984/02.jpg,3237143984,not_drivable,abime,0091.jpg,True,0.2915183315191384,False
0092,dl/data/leboncoin-private/raw/images/undamaged/3239247567/01.jpg,3239247567,undamaged,intact,0092.jpg,True,0.26297037382598953,False
0093,dl/data/leboncoin-private/raw/images/excellent_condition/3240404032/01.jpg,3240404032,excellent_condition,intact,0093.jpg,True,0.33827791743245084,True
0094,dl/data/leboncoin-private/raw/images/damaged/3208561378/00.jpg,3208561378,damaged,abime,0094.jpg,True,0.23358598222967203,False
0095,dl/data/leboncoin-private/raw/images/damaged/3229129346/00.jpg,3229129346,damaged,abime,0095.jpg,True,0.30299937686822764,True
0096,dl/data/leboncoin-private/raw/images/damaged/3233350534/02.jpg,3233350534,damaged,abime,0096.jpg,True,0.517668008658294,True
0097,dl/data/leboncoin-private/raw/images/damaged/3239448826/02.jpg,3239448826,damaged,abime,0097.jpg,True,0.997745246887207,True
0098,dl/data/leboncoin-private/raw/images/not_drivable/3194553960/01.jpg,3194553960,not_drivable,abime,0098.jpg,True,0.4940718575318897,True
0099,dl/data/leboncoin-private/raw/images/not_drivable/3230838866/00.jpg,3230838866,not_drivable,abime,0099.jpg,True,0.8727747539098538,True
0100,dl/data/leboncoin-private/raw/images/excellent_condition/3240479282/00.jpg,3240479282,excellent_condition,intact,0100.jpg,True,0.8653438315284885,True
0101,dl/data/leboncoin-private/raw/images/damaged/3174519153/02.jpg,3174519153,damaged,abime,0101.jpg,True,0.47310866455621725,True
0102,dl/data/leboncoin-private/raw/images/damaged/3238465691/01.jpg,3238465691,damaged,abime,0102.jpg,True,0.31149697587753955,True
0103,dl/data/leboncoin-private/raw/images/excellent_condition/3240465706/02.jpg,3240465706,excellent_condition,intact,0103.jpg,True,0.3282165963462647,True
0104,dl/data/leboncoin-private/raw/images/not_drivable/3239411696/02.jpg,3239411696,not_drivable,abime,0104.jpg,True,0.516569085034293,True
0105,dl/data/leboncoin-private/raw/images/undamaged/3239505012/02.jpg,3239505012,undamaged,intact,0105.jpg,True,0.9504502958421098,True
0106,dl/data/leboncoin-private/raw/images/excellent_condition/3240381416/00.jpg,3240381416,excellent_condition,intact,0106.jpg,True,0.44815106141302435,True
0107,dl/data/leboncoin-private/raw/images/not_drivable/3232711539/00.jpg,3232711539,not_drivable,abime,0107.jpg,True,0.3349500719446528,True
0108,dl/data/leboncoin-private/raw/images/damaged/3235947045/00.jpg,3235947045,damaged,abime,0108.jpg,True,0.3778999264249785,True
0109,dl/data/leboncoin-private/raw/images/damaged/3234892825/00.jpg,3234892825,damaged,abime,0109.jpg,True,0.31377730916048674,True
0110,dl/data/leboncoin-private/raw/images/excellent_condition/3240415711/00.jpg,3240415711,excellent_condition,intact,0110.jpg,True,0.40524585723876955,True
0111,dl/data/leboncoin-private/raw/images/not_drivable/3237369940/00.jpg,3237369940,not_drivable,abime,0111.jpg,True,0.9681584273095881,True
0112,dl/data/leboncoin-private/raw/images/undamaged/3239473463/00.jpg,3239473463,undamaged,intact,0112.jpg,True,0.3807531323748984,True
0113,dl/data/leboncoin-private/raw/images/not_drivable/3175505943/00.jpg,3175505943,not_drivable,abime,0113.jpg,True,0.3704412216412907,True
0114,dl/data/leboncoin-private/raw/images/not_drivable/3230559470/00.jpg,3230559470,not_drivable,abime,0114.jpg,True,0.4353158832726913,True
0115,dl/data/leboncoin-private/raw/images/not_drivable/3229758849/00.jpg,3229758849,not_drivable,abime,0115.jpg,True,0.5175978323159507,True
0116,dl/data/leboncoin-private/raw/images/damaged/2925129334/01.jpg,2925129334,damaged,abime,0116.jpg,True,0.4187071318585299,True
0117,dl/data/leboncoin-private/raw/images/damaged/3235779616/00.jpg,3235779616,damaged,abime,0117.jpg,True,0.343614357366149,True
0118,dl/data/leboncoin-private/raw/images/undamaged/3239548107/01.jpg,3239548107,undamaged,intact,0118.jpg,True,0.47005701663524474,True
0119,dl/data/leboncoin-private/raw/images/excellent_condition/3240439467/02.jpg,3240439467,excellent_condition,intact,0119.jpg,True,0.1423672315591753,False
0120,dl/data/leboncoin-private/raw/images/excellent_condition/3240349563/00.jpg,3240349563,excellent_condition,intact,0120.jpg,True,0.514412605144269,True
0121,dl/data/leboncoin-private/raw/images/damaged/3228459141/02.jpg,3228459141,damaged,abime,0121.jpg,True,0.35455036486143754,True
0122,dl/data/leboncoin-private/raw/images/undamaged/3240440425/01.jpg,3240440425,undamaged,intact,0122.jpg,True,0.6544613137376303,True
0123,dl/data/leboncoin-private/raw/images/undamaged/3240281741/02.jpg,3240281741,undamaged,intact,0123.jpg,True,0.9867939998933977,True
0124,dl/data/leboncoin-private/raw/images/damaged/3210860161/01.jpg,3210860161,damaged,abime,0124.jpg,True,0.9147032718307737,True
0125,dl/data/leboncoin-private/raw/images/undamaged/3239617523/00.jpg,3239617523,undamaged,intact,0125.jpg,True,0.6017315654659655,True
0126,dl/data/leboncoin-private/raw/images/damaged/3230359824/02.jpg,3230359824,damaged,abime,0126.jpg,True,0.6407885740480181,True
0127,dl/data/leboncoin-private/raw/images/excellent_condition/3238258500/01.jpg,3238258500,excellent_condition,intact,0127.jpg,True,0.43770761456688906,True
0128,dl/data/leboncoin-private/raw/images/not_drivable/3225023616/00.jpg,3225023616,not_drivable,abime,0128.jpg,True,0.4278118673727622,True
0129,dl/data/leboncoin-private/raw/images/damaged/3212651858/02.jpg,3212651858,damaged,abime,0129.jpg,True,0.9849997808535894,True
0130,dl/data/leboncoin-private/raw/images/damaged/3236930801/02.jpg,3236930801,damaged,abime,0130.jpg,True,0.6462150815813612,True
0131,dl/data/leboncoin-private/raw/images/damaged/3238685731/00.jpg,3238685731,damaged,abime,0131.jpg,True,0.3125948383178066,True
0132,dl/data/leboncoin-private/raw/images/damaged/3230901351/00.jpg,3230901351,damaged,abime,0132.jpg,True,0.3750620098278971,True
0133,dl/data/leboncoin-private/raw/images/undamaged/3198517015/02.jpg,3198517015,undamaged,intact,0133.jpg,False,,False
0134,dl/data/leboncoin-private/raw/images/not_drivable/3040137224/02.jpg,3040137224,not_drivable,abime,0134.jpg,True,0.8558541107177734,True
0135,dl/data/leboncoin-private/raw/images/not_drivable/3194262940/00.jpg,3194262940,not_drivable,abime,0135.jpg,True,0.694305713153801,True
0136,dl/data/leboncoin-private/raw/images/undamaged/3240232002/00.jpg,3240232002,undamaged,intact,0136.jpg,True,0.38443826119855684,True
0137,dl/data/leboncoin-private/raw/images/undamaged/3206025791/00.jpg,3206025791,undamaged,intact,0137.jpg,True,0.6142351080670766,True
0138,dl/data/leboncoin-private/raw/images/not_drivable/3234600325/01.jpg,3234600325,not_drivable,abime,0138.jpg,True,0.7192025756835938,True
0139,dl/data/leboncoin-private/raw/images/not_drivable/3221547299/01.jpg,3221547299,not_drivable,abime,0139.jpg,True,0.6675357899616676,True
0140,dl/data/leboncoin-private/raw/images/not_drivable/3234619197/00.jpg,3234619197,not_drivable,abime,0140.jpg,True,0.6261593446979412,True
0141,dl/data/leboncoin-private/raw/images/damaged/3194799967/02.jpg,3194799967,damaged,abime,0141.jpg,True,0.9594780250112832,True
0142,dl/data/leboncoin-private/raw/images/excellent_condition/3240331179/02.jpg,3240331179,excellent_condition,intact,0142.jpg,True,0.7851233072867719,True
0143,dl/data/leboncoin-private/raw/images/not_drivable/3239175381/07.jpg,3239175381,not_drivable,abime,0143.jpg,True,0.6095877292035745,True
0144,dl/data/leboncoin-private/raw/images/excellent_condition/3192380686/00.jpg,3192380686,excellent_condition,intact,0144.jpg,True,0.4254474365472675,True
0145,dl/data/leboncoin-private/raw/images/excellent_condition/3240347619/00.jpg,3240347619,excellent_condition,intact,0145.jpg,True,0.8509556883064486,True
0146,dl/data/leboncoin-private/raw/images/damaged/3214429136/02.jpg,3214429136,damaged,abime,0146.jpg,True,0.1921470021931629,False
0147,dl/data/leboncoin-private/raw/images/excellent_condition/3240368283/01.jpg,3240368283,excellent_condition,intact,0147.jpg,True,0.6310975108225317,True
0148,dl/data/leboncoin-private/raw/images/undamaged/3239695249/02.jpg,3239695249,undamaged,intact,0148.jpg,True,0.7332058143615382,True
0149,dl/data/leboncoin-private/raw/images/undamaged/3239695946/00.jpg,3239695946,undamaged,intact,0149.jpg,True,0.25850338469079387,False
0150,dl/data/leboncoin-private/raw/images/not_drivable/3225158676/00.jpg,3225158676,not_drivable,abime,0150.jpg,True,0.7858035762954578,True
0151,dl/data/leboncoin-private/raw/images/not_drivable/3236299790/01.jpg,3236299790,not_drivable,abime,0151.jpg,True,0.9822171540440103,True
0152,dl/data/leboncoin-private/raw/images/undamaged/3239472246/07.jpg,3239472246,undamaged,intact,0152.jpg,True,0.9860224723815918,True
0153,dl/data/leboncoin-private/raw/images/undamaged/3239936174/00.jpg,3239936174,undamaged,intact,0153.jpg,True,0.595037105042924,True
0154,dl/data/leboncoin-private/raw/images/damaged/3234106841/00.jpg,3234106841,damaged,abime,0154.jpg,True,0.6489358532532113,True
0155,dl/data/leboncoin-private/raw/images/undamaged/3240099075/02.jpg,3240099075,undamaged,intact,0155.jpg,False,,False
0156,dl/data/leboncoin-private/raw/images/undamaged/3240199043/00.jpg,3240199043,undamaged,intact,0156.jpg,True,0.6791718864399116,True
0157,dl/data/leboncoin-private/raw/images/excellent_condition/3240477317/00.jpg,3240477317,excellent_condition,intact,0157.jpg,True,0.2879928822037915,False
0158,dl/data/leboncoin-private/raw/images/excellent_condition/3240371020/01.jpg,3240371020,excellent_condition,intact,0158.jpg,True,0.7204440417733743,True
0159,dl/data/leboncoin-private/raw/images/excellent_condition/3240389620/02.jpg,3240389620,excellent_condition,intact,0159.jpg,True,0.5399422267704851,True
0160,dl/data/leboncoin-private/raw/images/excellent_condition/3240452884/00.jpg,3240452884,excellent_condition,intact,0160.jpg,True,0.6715778425649161,True
0161,dl/data/leboncoin-private/raw/images/undamaged/3239223665/01.jpg,3239223665,undamaged,intact,0161.jpg,True,0.4467472551747982,True
0162,dl/data/leboncoin-private/raw/images/undamaged/3240285407/02.jpg,3240285407,undamaged,intact,0162.jpg,True,0.6648941255951231,True
0163,dl/data/leboncoin-private/raw/images/undamaged/3240091568/01.jpg,3240091568,undamaged,intact,0163.jpg,True,0.47234275817871096,True
0164,dl/data/leboncoin-private/raw/images/not_drivable/3232701982/00.jpg,3232701982,not_drivable,abime,0164.jpg,True,0.7837517975624383,True
0165,dl/data/leboncoin-private/raw/images/undamaged/3205705933/01.jpg,3205705933,undamaged,intact,0165.jpg,True,0.4002333243511007,True
0166,dl/data/leboncoin-private/raw/images/excellent_condition/3205608212/03.jpg,3205608212,excellent_condition,intact,0166.jpg,True,0.8412661283274298,True
0167,dl/data/leboncoin-private/raw/images/damaged/3230798380/02.jpg,3230798380,damaged,abime,0167.jpg,True,0.6317654978587847,True
0168,dl/data/leboncoin-private/raw/images/damaged/3181468524/01.jpg,3181468524,damaged,abime,0168.jpg,True,0.5930114311473735,True
0169,dl/data/leboncoin-private/raw/images/damaged/3233723920/02.jpg,3233723920,damaged,abime,0169.jpg,False,,False
0170,dl/data/leboncoin-private/raw/images/excellent_condition/3240447303/02.jpg,3240447303,excellent_condition,intact,0170.jpg,True,0.510784944246967,True
0171,dl/data/leboncoin-private/raw/images/undamaged/3239306629/01.jpg,3239306629,undamaged,intact,0171.jpg,True,0.2673476210224577,False
0172,dl/data/leboncoin-private/raw/images/excellent_condition/3240476765/00.jpg,3240476765,excellent_condition,intact,0172.jpg,True,0.6897795173118259,True
0173,dl/data/leboncoin-private/raw/images/excellent_condition/3157729778/00.jpg,3157729778,excellent_condition,intact,0173.jpg,True,0.6473112463541382,True
0174,dl/data/leboncoin-private/raw/images/not_drivable/3224317811/01.jpg,3224317811,not_drivable,abime,0174.jpg,True,0.3629218516570724,True
0175,dl/data/leboncoin-private/raw/images/undamaged/3239572065/02.jpg,3239572065,undamaged,intact,0175.jpg,True,0.9800799052260823,True
0176,dl/data/leboncoin-private/raw/images/undamaged/3240114862/01.jpg,3240114862,undamaged,intact,0176.jpg,True,0.2842419352774479,False
0177,dl/data/leboncoin-private/raw/images/undamaged/3239925514/00.jpg,3239925514,undamaged,intact,0177.jpg,True,0.5057554463026539,True
0178,dl/data/leboncoin-private/raw/images/damaged/3221890180/04.jpg,3221890180,damaged,abime,0178.jpg,True,0.9403181947825042,True
0179,dl/data/leboncoin-private/raw/images/excellent_condition/3236162089/11.jpg,3236162089,excellent_condition,intact,0179.jpg,True,0.706875605214492,True
0180,dl/data/leboncoin-private/raw/images/excellent_condition/3240476322/01.jpg,3240476322,excellent_condition,intact,0180.jpg,True,0.6486649907074162,True
0181,dl/data/leboncoin-private/raw/images/excellent_condition/3240452298/03.jpg,3240452298,excellent_condition,intact,0181.jpg,True,0.489595189505833,True
0182,dl/data/leboncoin-private/raw/images/undamaged/3239890612/02.jpg,3239890612,undamaged,intact,0182.jpg,True,0.8153614525307818,True
0183,dl/data/leboncoin-private/raw/images/excellent_condition/3240429648/02.jpg,3240429648,excellent_condition,intact,0183.jpg,True,0.4351378235488436,True
0184,dl/data/leboncoin-private/raw/images/undamaged/3240350543/01.jpg,3240350543,undamaged,intact,0184.jpg,True,0.5463795909283847,True
0185,dl/data/leboncoin-private/raw/images/not_drivable/3210572441/05.jpg,3210572441,not_drivable,abime,0185.jpg,True,0.32765287905580703,True
0186,dl/data/leboncoin-private/raw/images/damaged/3237512380/01.jpg,3237512380,damaged,abime,0186.jpg,True,0.49604498014368387,True
0187,dl/data/leboncoin-private/raw/images/damaged/3209911071/00.jpg,3209911071,damaged,abime,0187.jpg,True,0.9596601072529651,True
0188,dl/data/leboncoin-private/raw/images/not_drivable/3225260606/00.jpg,3225260606,not_drivable,abime,0188.jpg,True,0.8137575810946588,True
0189,dl/data/leboncoin-private/raw/images/not_drivable/3234865021/00.jpg,3234865021,not_drivable,abime,0189.jpg,True,0.609846456177388,True
0190,dl/data/leboncoin-private/raw/images/damaged/2855688122/00.jpg,2855688122,damaged,abime,0190.jpg,True,0.46203838603699116,True
0191,dl/data/leboncoin-private/raw/images/excellent_condition/3240430633/01.jpg,3240430633,excellent_condition,intact,0191.jpg,True,0.4248995650709403,True
0192,dl/data/leboncoin-private/raw/images/excellent_condition/3240397409/00.jpg,3240397409,excellent_condition,intact,0192.jpg,True,0.4504974390543697,True
0193,dl/data/leboncoin-private/raw/images/damaged/3209714855/01.jpg,3209714855,damaged,abime,0193.jpg,True,0.7925243803101953,True
0194,dl/data/leboncoin-private/raw/images/excellent_condition/3240458760/01.jpg,3240458760,excellent_condition,intact,0194.jpg,True,0.2986201331333789,False
0195,dl/data/leboncoin-private/raw/images/not_drivable/3230660715/02.jpg,3230660715,not_drivable,abime,0195.jpg,True,0.7281321519964173,True
0196,dl/data/leboncoin-private/raw/images/not_drivable/3237136386/02.jpg,3237136386,not_drivable,abime,0196.jpg,False,,False
0197,dl/data/leboncoin-private/raw/images/damaged/3234150934/00.jpg,3234150934,damaged,abime,0197.jpg,True,0.2293684353230602,False
0198,dl/data/leboncoin-private/raw/images/excellent_condition/3240395262/01.jpg,3240395262,excellent_condition,intact,0198.jpg,True,0.687523831689861,True
0199,dl/data/leboncoin-private/raw/images/undamaged/3240346686/00.jpg,3240346686,undamaged,intact,0199.jpg,True,0.5024574370395087,True
0200,dl/data/leboncoin-private/raw/images/excellent_condition/3240393483/01.jpg,3240393483,excellent_condition,intact,0200.jpg,True,0.38429403584066507,True
0201,dl/data/leboncoin-private/raw/images/damaged/3238304355/02.jpg,3238304355,damaged,abime,0201.jpg,False,,False
0202,dl/data/leboncoin-private/raw/images/excellent_condition/3240439365/01.jpg,3240439365,excellent_condition,intact,0202.jpg,True,0.43182170729474234,True
0203,dl/data/leboncoin-private/raw/images/damaged/3223365086/01.jpg,3223365086,damaged,abime,0203.jpg,True,0.6609297980640437,True
0204,dl/data/leboncoin-private/raw/images/excellent_condition/3224157205/01.jpg,3224157205,excellent_condition,intact,0204.jpg,True,0.35793181548713765,True
0205,dl/data/leboncoin-private/raw/images/damaged/3238535596/02.jpg,3238535596,damaged,abime,0205.jpg,True,0.6276018545410829,True
0206,dl/data/leboncoin-private/raw/images/not_drivable/3234447375/01.jpg,3234447375,not_drivable,abime,0206.jpg,True,0.7376330718305691,True
0207,dl/data/leboncoin-private/raw/images/not_drivable/3232123741/00.jpg,3232123741,not_drivable,abime,0207.jpg,True,0.41015481129626635,True
0208,dl/data/leboncoin-private/raw/images/excellent_condition/3214601581/09.jpg,3214601581,excellent_condition,intact,0208.jpg,False,,False
0209,dl/data/leboncoin-private/raw/images/not_drivable/3214157343/00.jpg,3214157343,not_drivable,abime,0209.jpg,True,0.4525599460084575,True
0210,dl/data/leboncoin-private/raw/images/undamaged/3240417193/01.jpg,3240417193,undamaged,intact,0210.jpg,True,0.4418450101866789,True
0211,dl/data/leboncoin-private/raw/images/undamaged/2886326826/02.jpg,2886326826,undamaged,intact,0211.jpg,True,0.7178904430370603,True
0212,dl/data/leboncoin-private/raw/images/not_drivable/3223820804/01.jpg,3223820804,not_drivable,abime,0212.jpg,True,0.27675210480985696,False
0213,dl/data/leboncoin-private/raw/images/damaged/3220887523/02.jpg,3220887523,damaged,abime,0213.jpg,True,0.867085409137982,True
0214,dl/data/leboncoin-private/raw/images/undamaged/3240352977/02.jpg,3240352977,undamaged,intact,0214.jpg,True,0.7841424616241897,True
0215,dl/data/leboncoin-private/raw/images/damaged/3234918274/01.jpg,3234918274,damaged,abime,0215.jpg,True,0.5475689033240085,True
0216,dl/data/leboncoin-private/raw/images/damaged/3230696922/02.jpg,3230696922,damaged,abime,0216.jpg,True,0.5381971582666301,True
0217,dl/data/leboncoin-private/raw/images/undamaged/3239667594/00.jpg,3239667594,undamaged,intact,0217.jpg,True,0.8939362989857087,True
0218,dl/data/leboncoin-private/raw/images/undamaged/3239938164/00.jpg,3239938164,undamaged,intact,0218.jpg,True,0.6558939903754459,True
0219,dl/data/leboncoin-private/raw/images/excellent_condition/3240429355/02.jpg,3240429355,excellent_condition,intact,0219.jpg,True,0.7101785693642705,True
0220,dl/data/leboncoin-private/raw/images/damaged/3182739364/00.jpg,3182739364,damaged,abime,0220.jpg,True,0.5996064546906665,True
0221,dl/data/leboncoin-private/raw/images/excellent_condition/3240338682/01.jpg,3240338682,excellent_condition,intact,0221.jpg,True,0.7035180740187646,True
0222,dl/data/leboncoin-private/raw/images/undamaged/3184926225/00.jpg,3184926225,undamaged,intact,0222.jpg,True,0.20553427104270086,False
0223,dl/data/leboncoin-private/raw/images/undamaged/3239828202/01.jpg,3239828202,undamaged,intact,0223.jpg,True,0.3764988425469734,True
0224,dl/data/leboncoin-private/raw/images/excellent_condition/3240408143/00.jpg,3240408143,excellent_condition,intact,0224.jpg,True,0.3747155576597574,True
0225,dl/data/leboncoin-private/raw/images/damaged/3226445317/02.jpg,3226445317,damaged,abime,0225.jpg,True,0.645203718850785,True
0226,dl/data/leboncoin-private/raw/images/undamaged/3239195352/02.jpg,3239195352,undamaged,intact,0226.jpg,True,0.9579917651986145,True
0227,dl/data/leboncoin-private/raw/images/not_drivable/3239745088/01.jpg,3239745088,not_drivable,abime,0227.jpg,True,0.7930008163485364,True
0228,dl/data/leboncoin-private/raw/images/not_drivable/3239441541/00.jpg,3239441541,not_drivable,abime,0228.jpg,True,0.7405954456811489,True
0229,dl/data/leboncoin-private/raw/images/damaged/3233928929/01.jpg,3233928929,damaged,abime,0229.jpg,True,0.32025276524207247,True
0230,dl/data/leboncoin-private/raw/images/undamaged/3239113209/00.jpg,3239113209,undamaged,intact,0230.jpg,True,0.23829408561058152,False
0231,dl/data/leboncoin-private/raw/images/excellent_condition/3240321933/01.jpg,3240321933,excellent_condition,intact,0231.jpg,True,0.5962823036384834,True
0232,dl/data/leboncoin-private/raw/images/excellent_condition/3240385038/02.jpg,3240385038,excellent_condition,intact,0232.jpg,True,0.7938548009449993,True
0233,dl/data/leboncoin-private/raw/images/excellent_condition/3221334260/01.jpg,3221334260,excellent_condition,intact,0233.jpg,True,0.21237949832476347,False
0234,dl/data/leboncoin-private/raw/images/undamaged/3239197370/00.jpg,3239197370,undamaged,intact,0234.jpg,True,0.32961386426830025,True
0235,dl/data/leboncoin-private/raw/images/not_drivable/3232455257/00.jpg,3232455257,not_drivable,abime,0235.jpg,True,0.8136029952924104,True
0236,dl/data/leboncoin-private/raw/images/not_drivable/3214759984/01.jpg,3214759984,not_drivable,abime,0236.jpg,True,0.3532298032883587,True
0237,dl/data/leboncoin-private/raw/images/undamaged/3240219709/02.jpg,3240219709,undamaged,intact,0237.jpg,True,0.17907635972363908,False
0238,dl/data/leboncoin-private/raw/images/undamaged/3240480860/05.jpg,3240480860,undamaged,intact,0238.jpg,True,0.7926931190490722,True
0239,dl/data/leboncoin-private/raw/images/undamaged/3240202931/01.jpg,3240202931,undamaged,intact,0239.jpg,True,0.7417979905571507,True
0240,dl/data/leboncoin-private/raw/images/damaged/3238042228/01.jpg,3238042228,damaged,abime,0240.jpg,True,0.66291952252388,True
0241,dl/data/leboncoin-private/raw/images/undamaged/3239609121/02.jpg,3239609121,undamaged,intact,0241.jpg,True,0.8259852341663582,True
0242,dl/data/leboncoin-private/raw/images/damaged/3236459896/01.jpg,3236459896,damaged,abime,0242.jpg,True,0.24863979777238857,False
0243,dl/data/leboncoin-private/raw/images/damaged/3219044393/00.jpg,3219044393,damaged,abime,0243.jpg,True,0.6305452247707399,True
0244,dl/data/leboncoin-private/raw/images/damaged/3238655474/00.jpg,3238655474,damaged,abime,0244.jpg,True,0.4060414143209395,True
0245,dl/data/leboncoin-private/raw/images/undamaged/3239757397/01.jpg,3239757397,undamaged,intact,0245.jpg,True,0.5101030910691867,True
0246,dl/data/leboncoin-private/raw/images/not_drivable/3233504943/01.jpg,3233504943,not_drivable,abime,0246.jpg,False,,False
0247,dl/data/leboncoin-private/raw/images/damaged/3239218575/00.jpg,3239218575,damaged,abime,0247.jpg,True,0.5001265346743954,True
0248,dl/data/leboncoin-private/raw/images/undamaged/3239583130/00.jpg,3239583130,undamaged,intact,0248.jpg,True,0.41550271377285825,True
0249,dl/data/leboncoin-private/raw/images/excellent_condition/3240368515/01.jpg,3240368515,excellent_condition,intact,0249.jpg,True,0.32833041267769164,True
0250,dl/data/leboncoin-private/raw/images/not_drivable/3235019534/00.jpg,3235019534,not_drivable,abime,0250.jpg,True,0.7089631695395152,True
0251,dl/data/leboncoin-private/raw/images/undamaged/3206164055/00.jpg,3206164055,undamaged,intact,0251.jpg,True,0.6021749472589125,True
0252,dl/data/leboncoin-private/raw/images/excellent_condition/3240439191/01.jpg,3240439191,excellent_condition,intact,0252.jpg,True,0.592553651796975,True
0253,dl/data/leboncoin-private/raw/images/excellent_condition/3240333348/00.jpg,3240333348,excellent_condition,intact,0253.jpg,True,0.2588736599788888,False
0254,dl/data/leboncoin-private/raw/images/damaged/3209400248/00.jpg,3209400248,damaged,abime,0254.jpg,True,0.6267564358293082,True
0255,dl/data/leboncoin-private/raw/images/not_drivable/3222375035/16.jpg,3222375035,not_drivable,abime,0255.jpg,True,0.9031907430262995,True
0256,dl/data/leboncoin-private/raw/images/excellent_condition/3240321605/00.jpg,3240321605,excellent_condition,intact,0256.jpg,True,0.6857012847876106,True
0257,dl/data/leboncoin-private/raw/images/damaged/3219817750/00.jpg,3219817750,damaged,abime,0257.jpg,True,0.6729082426013164,True
0258,dl/data/leboncoin-private/raw/images/not_drivable/3237887059/00.jpg,3237887059,not_drivable,abime,0258.jpg,True,0.5769417310829864,True
0259,dl/data/leboncoin-private/raw/images/excellent_condition/3240458835/01.jpg,3240458835,excellent_condition,intact,0259.jpg,True,0.4851800400779927,True
0260,dl/data/leboncoin-private/raw/images/damaged/3226367014/02.jpg,3226367014,damaged,abime,0260.jpg,True,0.35756535642853654,True
0261,dl/data/leboncoin-private/raw/images/undamaged/3239296914/00.jpg,3239296914,undamaged,intact,0261.jpg,True,0.3194014581993222,True
0262,dl/data/leboncoin-private/raw/images/excellent_condition/3238367127/01.jpg,3238367127,excellent_condition,intact,0262.jpg,True,0.8107253442064485,True
0263,dl/data/leboncoin-private/raw/images/undamaged/3239433936/00.jpg,3239433936,undamaged,intact,0263.jpg,True,0.27684905621329864,False
0264,dl/data/leboncoin-private/raw/images/excellent_condition/3240462318/02.jpg,3240462318,excellent_condition,intact,0264.jpg,True,0.9730173761128381,True
0265,dl/data/leboncoin-private/raw/images/damaged/3230244409/02.jpg,3230244409,damaged,abime,0265.jpg,True,0.3512491501692178,True
0266,dl/data/leboncoin-private/raw/images/not_drivable/3168740438/00.jpg,3168740438,not_drivable,abime,0266.jpg,False,,False
0267,dl/data/leboncoin-private/raw/images/not_drivable/3232194523/00.jpg,3232194523,not_drivable,abime,0267.jpg,True,0.38530739897830063,True
0268,dl/data/leboncoin-private/raw/images/undamaged/3240344259/00.jpg,3240344259,undamaged,intact,0268.jpg,True,0.2049128875168913,False
0269,dl/data/leboncoin-private/raw/images/excellent_condition/3240361170/02.jpg,3240361170,excellent_condition,intact,0269.jpg,True,0.14283453205687693,False
0270,dl/data/leboncoin-private/raw/images/excellent_condition/3240422432/00.jpg,3240422432,excellent_condition,intact,0270.jpg,True,0.15534405167735532,False
0271,dl/data/leboncoin-private/raw/images/not_drivable/3219676926/00.jpg,3219676926,not_drivable,abime,0271.jpg,True,0.6571436935091072,True
0272,dl/data/leboncoin-private/raw/images/excellent_condition/3170109812/01.jpg,3170109812,excellent_condition,intact,0272.jpg,True,0.2613750279555839,False
0273,dl/data/leboncoin-private/raw/images/undamaged/3239629963/01.jpg,3239629963,undamaged,intact,0273.jpg,True,0.4035671341440466,True
0274,dl/data/leboncoin-private/raw/images/excellent_condition/3240392696/00.jpg,3240392696,excellent_condition,intact,0274.jpg,True,0.9870924291985552,True
0275,dl/data/leboncoin-private/raw/images/excellent_condition/3240442957/02.jpg,3240442957,excellent_condition,intact,0275.jpg,True,0.5773137059497334,True
0276,dl/data/leboncoin-private/raw/images/excellent_condition/3240358244/00.jpg,3240358244,excellent_condition,intact,0276.jpg,True,0.5485775116624864,True
0277,dl/data/leboncoin-private/raw/images/undamaged/3239988548/01.jpg,3239988548,undamaged,intact,0277.jpg,True,0.29388014520723904,False
0278,dl/data/leboncoin-private/raw/images/not_drivable/3226281962/00.jpg,3226281962,not_drivable,abime,0278.jpg,True,0.4692596007195897,True
0279,dl/data/leboncoin-private/raw/images/not_drivable/3230824828/00.jpg,3230824828,not_drivable,abime,0279.jpg,True,0.7801505093781278,True
0280,dl/data/leboncoin-private/raw/images/damaged/3229786881/00.jpg,3229786881,damaged,abime,0280.jpg,True,0.5295733045675851,True
0281,dl/data/leboncoin-private/raw/images/excellent_condition/3239332897/00.jpg,3239332897,excellent_condition,intact,0281.jpg,True,0.4016612098552017,True
0282,dl/data/leboncoin-private/raw/images/damaged/3236197618/00.jpg,3236197618,damaged,abime,0282.jpg,True,0.6832276655225639,True
0283,dl/data/leboncoin-private/raw/images/not_drivable/3237539396/00.jpg,3237539396,not_drivable,abime,0283.jpg,True,0.2614938653191424,False
0284,dl/data/leboncoin-private/raw/images/excellent_condition/3211778805/04.jpg,3211778805,excellent_condition,intact,0284.jpg,True,0.4072510622425228,True
0285,dl/data/leboncoin-private/raw/images/damaged/3235796234/00.jpg,3235796234,damaged,abime,0285.jpg,True,0.7338169522863774,True
0286,dl/data/leboncoin-private/raw/images/excellent_condition/3240331870/01.jpg,3240331870,excellent_condition,intact,0286.jpg,True,0.5511933507142639,True
0287,dl/data/leboncoin-private/raw/images/damaged/3235760486/00.jpg,3235760486,damaged,abime,0287.jpg,True,0.6209671444279014,True
0288,dl/data/leboncoin-private/raw/images/damaged/3218244396/00.jpg,3218244396,damaged,abime,0288.jpg,True,0.699371733946274,True
0289,dl/data/leboncoin-private/raw/images/excellent_condition/3240416001/02.jpg,3240416001,excellent_condition,intact,0289.jpg,True,0.2070295404305503,False
0290,dl/data/leboncoin-private/raw/images/not_drivable/3058091070/00.jpg,3058091070,not_drivable,abime,0290.jpg,True,0.7425943608101155,True
0291,dl/data/leboncoin-private/raw/images/not_drivable/3115533223/02.jpg,3115533223,not_drivable,abime,0291.jpg,True,0.19799081191732423,False
0292,dl/data/leboncoin-private/raw/images/not_drivable/3209517527/00.jpg,3209517527,not_drivable,abime,0292.jpg,True,0.6096974090053279,True
0293,dl/data/leboncoin-private/raw/images/undamaged/3239170357/05.jpg,3239170357,undamaged,intact,0293.jpg,False,,False
0294,dl/data/leboncoin-private/raw/images/excellent_condition/3240475405/00.jpg,3240475405,excellent_condition,intact,0294.jpg,True,0.42842296658293394,True
0295,dl/data/leboncoin-private/raw/images/excellent_condition/3212119064/02.jpg,3212119064,excellent_condition,intact,0295.jpg,True,0.715978808388405,True
0296,dl/data/leboncoin-private/raw/images/undamaged/3239884738/02.jpg,3239884738,undamaged,intact,0296.jpg,True,0.9316362950467767,True
0297,dl/data/leboncoin-private/raw/images/excellent_condition/3240372622/02.jpg,3240372622,excellent_condition,intact,0297.jpg,True,0.9729286321004231,True
0298,dl/data/leboncoin-private/raw/images/excellent_condition/3240346713/01.jpg,3240346713,excellent_condition,intact,0298.jpg,True,0.7418817503095174,True
0299,dl/data/leboncoin-private/raw/images/undamaged/3239361879/00.jpg,3239361879,undamaged,intact,0299.jpg,True,0.7630806188484704,True
0300,dl/data/leboncoin-private/raw/images/damaged/3230602105/00.jpg,3230602105,damaged,abime,0300.jpg,True,0.5398501728495309,True
0301,dl/data/leboncoin-private/raw/images/not_drivable/3228676551/01.jpg,3228676551,not_drivable,abime,0301.jpg,True,0.5002726636770066,True
0302,dl/data/leboncoin-private/raw/images/damaged/3215798338/00.jpg,3215798338,damaged,abime,0302.jpg,True,0.7346391868591309,True
0303,dl/data/leboncoin-private/raw/images/undamaged/3240399846/00.jpg,3240399846,undamaged,intact,0303.jpg,True,0.2949323097263055,False
0304,dl/data/leboncoin-private/raw/images/damaged/3218659681/02.jpg,3218659681,damaged,abime,0304.jpg,True,0.512342337535246,True
0305,dl/data/leboncoin-private/raw/images/not_drivable/3237689470/02.jpg,3237689470,not_drivable,abime,0305.jpg,False,,False
0306,dl/data/leboncoin-private/raw/images/damaged/3213834981/00.jpg,3213834981,damaged,abime,0306.jpg,True,0.5692032784644478,True
0307,dl/data/leboncoin-private/raw/images/excellent_condition/3170204636/01.jpg,3170204636,excellent_condition,intact,0307.jpg,True,0.8205249898694226,True
0308,dl/data/leboncoin-private/raw/images/not_drivable/3206728287/02.jpg,3206728287,not_drivable,abime,0308.jpg,True,0.5680961884452106,True
0309,dl/data/leboncoin-private/raw/images/not_drivable/3230126976/00.jpg,3230126976,not_drivable,abime,0309.jpg,True,0.5213103973385111,True
0310,dl/data/leboncoin-private/raw/images/excellent_condition/3240333020/02.jpg,3240333020,excellent_condition,intact,0310.jpg,True,0.9279144343767255,True
0311,dl/data/leboncoin-private/raw/images/not_drivable/3207055534/02.jpg,3207055534,not_drivable,abime,0311.jpg,True,0.494925399998459,True
0312,dl/data/leboncoin-private/raw/images/undamaged/3240149168/00.jpg,3240149168,undamaged,intact,0312.jpg,True,0.6918624138220025,True
0313,dl/data/leboncoin-private/raw/images/not_drivable/3226162483/02.jpg,3226162483,not_drivable,abime,0313.jpg,True,0.41655200223051,True
0314,dl/data/leboncoin-private/raw/images/not_drivable/3201301781/01.jpg,3201301781,not_drivable,abime,0314.jpg,True,0.7781503486633301,True
0315,dl/data/leboncoin-private/raw/images/undamaged/3239572791/00.jpg,3239572791,undamaged,intact,0315.jpg,True,0.3920028841142043,True
0316,dl/data/leboncoin-private/raw/images/damaged/3237310032/00.jpg,3237310032,damaged,abime,0316.jpg,True,0.21100443259528143,False
0317,dl/data/leboncoin-private/raw/images/undamaged/3118872980/01.jpg,3118872980,undamaged,intact,0317.jpg,True,0.6821466580890556,True
0318,dl/data/leboncoin-private/raw/images/excellent_condition/3240324363/02.jpg,3240324363,excellent_condition,intact,0318.jpg,True,0.6247356788132605,True
0319,dl/data/leboncoin-private/raw/images/undamaged/3239232825/00.jpg,3239232825,undamaged,intact,0319.jpg,True,0.4480022180751272,True
0320,dl/data/leboncoin-private/raw/images/undamaged/3239258912/01.jpg,3239258912,undamaged,intact,0320.jpg,True,0.31009484800461795,True
0321,dl/data/leboncoin-private/raw/images/excellent_condition/3240350184/00.jpg,3240350184,excellent_condition,intact,0321.jpg,True,0.37255322633870563,True
0322,dl/data/leboncoin-private/raw/images/excellent_condition/3240401846/00.jpg,3240401846,excellent_condition,intact,0322.jpg,True,0.43166322559434045,True
0323,dl/data/leboncoin-private/raw/images/not_drivable/3091766555/02.jpg,3091766555,not_drivable,abime,0323.jpg,True,0.974547038092743,True
0324,dl/data/leboncoin-private/raw/images/not_drivable/3211556244/02.jpg,3211556244,not_drivable,abime,0324.jpg,True,0.6996134279998514,True
0325,dl/data/leboncoin-private/raw/images/excellent_condition/3240408708/01.jpg,3240408708,excellent_condition,intact,0325.jpg,False,,False
0326,dl/data/leboncoin-private/raw/images/not_drivable/3213982937/01.jpg,3213982937,not_drivable,abime,0326.jpg,True,0.452801896568789,True
0327,dl/data/leboncoin-private/raw/images/undamaged/3192831112/02.jpg,3192831112,undamaged,intact,0327.jpg,True,0.5300804400388516,True
0328,dl/data/leboncoin-private/raw/images/not_drivable/3237054477/02.jpg,3237054477,not_drivable,abime,0328.jpg,True,0.3509654287503683,True
0329,dl/data/leboncoin-private/raw/images/excellent_condition/3240414440/01.jpg,3240414440,excellent_condition,intact,0329.jpg,True,0.9380820637113618,True
0330,dl/data/leboncoin-private/raw/images/damaged/3219784674/02.jpg,3219784674,damaged,abime,0330.jpg,False,,False
0331,dl/data/leboncoin-private/raw/images/undamaged/3169226617/07.jpg,3169226617,undamaged,intact,0331.jpg,True,0.8537850129329978,True
0332,dl/data/leboncoin-private/raw/images/not_drivable/3235702638/00.jpg,3235702638,not_drivable,abime,0332.jpg,True,0.6466556652974526,True
0333,dl/data/leboncoin-private/raw/images/undamaged/2888118344/01.jpg,2888118344,undamaged,intact,0333.jpg,True,0.2610747479465554,False
0334,dl/data/leboncoin-private/raw/images/undamaged/3239841032/01.jpg,3239841032,undamaged,intact,0334.jpg,True,0.8109055078498033,True
0335,dl/data/leboncoin-private/raw/images/undamaged/2139520993/03.jpg,2139520993,undamaged,intact,0335.jpg,True,0.7679756736755371,True
0336,dl/data/leboncoin-private/raw/images/undamaged/3205307232/00.jpg,3205307232,undamaged,intact,0336.jpg,True,0.3817264540924817,True
0337,dl/data/leboncoin-private/raw/images/not_drivable/3228148084/00.jpg,3228148084,not_drivable,abime,0337.jpg,True,0.8452260568254136,True
0338,dl/data/leboncoin-private/raw/images/damaged/3226197984/00.jpg,3226197984,damaged,abime,0338.jpg,True,0.55288980602829,True
0339,dl/data/leboncoin-private/raw/images/undamaged/3239959521/02.jpg,3239959521,undamaged,intact,0339.jpg,True,0.8985862522896807,True
0340,dl/data/leboncoin-private/raw/images/undamaged/3240335438/01.jpg,3240335438,undamaged,intact,0340.jpg,True,0.21504827331625856,False
0341,dl/data/leboncoin-private/raw/images/damaged/3215083122/01.jpg,3215083122,damaged,abime,0341.jpg,True,0.8551391989078918,True
0342,dl/data/leboncoin-private/raw/images/excellent_condition/3240431606/00.jpg,3240431606,excellent_condition,intact,0342.jpg,True,0.3696425435624187,True
0343,dl/data/leboncoin-private/raw/images/damaged/3208449137/02.jpg,3208449137,damaged,abime,0343.jpg,True,0.45311842500067917,True
0344,dl/data/leboncoin-private/raw/images/excellent_condition/3240458944/00.jpg,3240458944,excellent_condition,intact,0344.jpg,True,0.2863937747744072,False
0345,dl/data/leboncoin-private/raw/images/excellent_condition/3232293713/04.jpg,3232293713,excellent_condition,intact,0345.jpg,True,0.338450979899207,True
0346,dl/data/leboncoin-private/raw/images/undamaged/3240147030/00.jpg,3240147030,undamaged,intact,0346.jpg,True,0.3817765918488207,True
0347,dl/data/leboncoin-private/raw/images/not_drivable/3232154342/01.jpg,3232154342,not_drivable,abime,0347.jpg,True,0.8819816187135542,True
0348,dl/data/leboncoin-private/raw/images/undamaged/3240097461/01.jpg,3240097461,undamaged,intact,0348.jpg,True,0.23505559027499404,False
0349,dl/data/leboncoin-private/raw/images/excellent_condition/3240411271/01.jpg,3240411271,excellent_condition,intact,0349.jpg,True,0.9148222375535353,True
0350,dl/data/leboncoin-private/raw/images/damaged/3223333529/02.jpg,3223333529,damaged,abime,0350.jpg,True,0.7316531324865456,True
0351,dl/data/leboncoin-private/raw/images/excellent_condition/3240358673/00.jpg,3240358673,excellent_condition,intact,0351.jpg,True,0.4586069888327474,True
0352,dl/data/leboncoin-private/raw/images/not_drivable/3158351909/02.jpg,3158351909,not_drivable,abime,0352.jpg,True,0.7972008272731473,True
0353,dl/data/leboncoin-private/raw/images/excellent_condition/3240482932/01.jpg,3240482932,excellent_condition,intact,0353.jpg,True,0.31982494287958835,True
0354,dl/data/leboncoin-private/raw/images/not_drivable/3219246259/01.jpg,3219246259,not_drivable,abime,0354.jpg,True,0.49884750082471374,True
0355,dl/data/leboncoin-private/raw/images/not_drivable/3236937654/02.jpg,3236937654,not_drivable,abime,0355.jpg,True,0.8198517838906079,True
0356,dl/data/leboncoin-private/raw/images/undamaged/3240394198/00.jpg,3240394198,undamaged,intact,0356.jpg,True,0.30697982591587497,True
0357,dl/data/leboncoin-private/raw/images/damaged/3221590495/00.jpg,3221590495,damaged,abime,0357.jpg,True,0.3577686897169779,True
0358,dl/data/leboncoin-private/raw/images/damaged/3228805438/00.jpg,3228805438,damaged,abime,0358.jpg,True,0.3764760947164291,True
0359,dl/data/leboncoin-private/raw/images/damaged/3190446523/01.jpg,3190446523,damaged,abime,0359.jpg,True,0.4280297050985797,True
0360,dl/data/leboncoin-private/raw/images/not_drivable/3172092365/02.jpg,3172092365,not_drivable,abime,0360.jpg,True,0.30265961816142073,True
0361,dl/data/leboncoin-private/raw/images/excellent_condition/3240399134/00.jpg,3240399134,excellent_condition,intact,0361.jpg,True,0.23305049221359772,False
0362,dl/data/leboncoin-private/raw/images/undamaged/3240010878/02.jpg,3240010878,undamaged,intact,0362.jpg,True,0.3079391363713269,True
0363,dl/data/leboncoin-private/raw/images/not_drivable/3150081793/00.jpg,3150081793,not_drivable,abime,0363.jpg,True,0.7372518632812307,True
0364,dl/data/leboncoin-private/raw/images/damaged/3226329355/03.jpg,3226329355,damaged,abime,0364.jpg,True,0.34114615569554607,True
0365,dl/data/leboncoin-private/raw/images/damaged/3219811995/00.jpg,3219811995,damaged,abime,0365.jpg,True,0.30021884728613524,True
0366,dl/data/leboncoin-private/raw/images/excellent_condition/3240407773/01.jpg,3240407773,excellent_condition,intact,0366.jpg,True,0.3876155807472695,True
0367,dl/data/leboncoin-private/raw/images/undamaged/3239547478/01.jpg,3239547478,undamaged,intact,0367.jpg,True,0.5740490494572088,True
0368,dl/data/leboncoin-private/raw/images/undamaged/3240295441/02.jpg,3240295441,undamaged,intact,0368.jpg,True,0.8577465794010146,True
0369,dl/data/leboncoin-private/raw/images/excellent_condition/3240470853/01.jpg,3240470853,excellent_condition,intact,0369.jpg,True,0.42724502941121656,True
0370,dl/data/leboncoin-private/raw/images/excellent_condition/3235245684/07.jpg,3235245684,excellent_condition,intact,0370.jpg,True,0.8967075329570883,True
0371,dl/data/leboncoin-private/raw/images/excellent_condition/3240398660/01.jpg,3240398660,excellent_condition,intact,0371.jpg,True,0.47199444945959806,True
0372,dl/data/leboncoin-private/raw/images/undamaged/3239210555/01.jpg,3239210555,undamaged,intact,0372.jpg,True,0.9437290933628923,True
0373,dl/data/leboncoin-private/raw/images/not_drivable/3218436809/01.jpg,3218436809,not_drivable,abime,0373.jpg,True,0.15429014457748713,False
0374,dl/data/leboncoin-private/raw/images/excellent_condition/3240409333/00.jpg,3240409333,excellent_condition,intact,0374.jpg,True,0.6246328673426899,True
0375,dl/data/leboncoin-private/raw/images/not_drivable/3229126998/01.jpg,3229126998,not_drivable,abime,0375.jpg,True,0.5351900755153008,True
0376,dl/data/leboncoin-private/raw/images/excellent_condition/3232392549/03.jpg,3232392549,excellent_condition,intact,0376.jpg,True,0.9632532749493029,True
0377,dl/data/leboncoin-private/raw/images/damaged/3233743219/00.jpg,3233743219,damaged,abime,0377.jpg,True,0.2553537893895439,False
0378,dl/data/leboncoin-private/raw/images/not_drivable/3215356490/01.jpg,3215356490,not_drivable,abime,0378.jpg,True,0.9476899112559679,True
0379,dl/data/leboncoin-private/raw/images/not_drivable/3234493461/02.jpg,3234493461,not_drivable,abime,0379.jpg,False,,False
0380,dl/data/leboncoin-private/raw/images/excellent_condition/3240347324/02.jpg,3240347324,excellent_condition,intact,0380.jpg,True,0.8750937759924418,True
0381,dl/data/leboncoin-private/raw/images/not_drivable/3138435650/00.jpg,3138435650,not_drivable,abime,0381.jpg,True,0.14105484961100467,False
0382,dl/data/leboncoin-private/raw/images/excellent_condition/3221876173/14.jpg,3221876173,excellent_condition,intact,0382.jpg,True,0.9017402488403313,True
0383,dl/data/leboncoin-private/raw/images/excellent_condition/3240380724/01.jpg,3240380724,excellent_condition,intact,0383.jpg,True,0.39710153561087647,True
0384,dl/data/leboncoin-private/raw/images/damaged/3218486044/00.jpg,3218486044,damaged,abime,0384.jpg,True,0.5446330758742223,True
0385,dl/data/leboncoin-private/raw/images/excellent_condition/3240378218/00.jpg,3240378218,excellent_condition,intact,0385.jpg,True,0.8089099989236963,True
0386,dl/data/leboncoin-private/raw/images/damaged/3239991619/01.jpg,3239991619,damaged,abime,0386.jpg,True,0.8229283540056863,True
0387,dl/data/leboncoin-private/raw/images/not_drivable/3172943807/00.jpg,3172943807,not_drivable,abime,0387.jpg,True,0.5919440334926828,True
0388,dl/data/leboncoin-private/raw/images/damaged/3233677963/00.jpg,3233677963,damaged,abime,0388.jpg,True,0.7251544634223451,True
0389,dl/data/leboncoin-private/raw/images/not_drivable/3215546236/00.jpg,3215546236,not_drivable,abime,0389.jpg,True,0.5772111837930056,True
0390,dl/data/leboncoin-private/raw/images/undamaged/3240118502/00.jpg,3240118502,undamaged,intact,0390.jpg,True,0.44781032964062395,True
0391,dl/data/leboncoin-private/raw/images/not_drivable/3233224653/02.jpg,3233224653,not_drivable,abime,0391.jpg,True,0.46914761307653974,True
0392,dl/data/leboncoin-private/raw/images/damaged/3235820908/02.jpg,3235820908,damaged,abime,0392.jpg,True,0.9905638941665645,True
0393,dl/data/leboncoin-private/raw/images/excellent_condition/3234483990/04.jpg,3234483990,excellent_condition,intact,0393.jpg,True,0.24596949528989795,False
0394,dl/data/leboncoin-private/raw/images/damaged/3220796732/01.jpg,3220796732,damaged,abime,0394.jpg,True,0.2031666050660424,False
0395,dl/data/leboncoin-private/raw/images/not_drivable/3229165505/00.jpg,3229165505,not_drivable,abime,0395.jpg,True,0.5727240368982399,True
0396,dl/data/leboncoin-private/raw/images/undamaged/3238956277/02.jpg,3238956277,undamaged,intact,0396.jpg,True,0.953952507743063,True
0397,dl/data/leboncoin-private/raw/images/not_drivable/3175377075/00.jpg,3175377075,not_drivable,abime,0397.jpg,True,0.5126818197149106,True
0398,dl/data/leboncoin-private/raw/images/not_drivable/3234321097/00.jpg,3234321097,not_drivable,abime,0398.jpg,True,0.7497018017275959,True
0399,dl/data/leboncoin-private/raw/images/undamaged/3240303173/02.jpg,3240303173,undamaged,intact,0399.jpg,True,0.4987487157129215,True
0400,dl/data/leboncoin-private/raw/images/undamaged/3237934445/02.jpg,3237934445,undamaged,intact,0400.jpg,True,0.9066677585190827,True
0401,dl/data/leboncoin-private/raw/images/excellent_condition/3240445090/01.jpg,3240445090,excellent_condition,intact,0401.jpg,True,0.6010902690787185,True
0402,dl/data/leboncoin-private/raw/images/undamaged/3240419269/01.jpg,3240419269,undamaged,intact,0402.jpg,True,0.8130293390585663,True
0403,dl/data/leboncoin-private/raw/images/excellent_condition/3240367974/01.jpg,3240367974,excellent_condition,intact,0403.jpg,True,0.42618628526454644,True
0404,dl/data/leboncoin-private/raw/images/damaged/3232163177/01.jpg,3232163177,damaged,abime,0404.jpg,True,0.8525005968683198,True
0405,dl/data/leboncoin-private/raw/images/damaged/3220070213/00.jpg,3220070213,damaged,abime,0405.jpg,True,0.27124287924076196,False
0406,dl/data/leboncoin-private/raw/images/damaged/3234915505/02.jpg,3234915505,damaged,abime,0406.jpg,True,0.5655375022151973,True
0407,dl/data/leboncoin-private/raw/images/not_drivable/3229832934/00.jpg,3229832934,not_drivable,abime,0407.jpg,True,0.8473851456071163,True
0408,dl/data/leboncoin-private/raw/images/excellent_condition/3230242875/00.jpg,3230242875,excellent_condition,intact,0408.jpg,True,0.3756925585458897,True
0409,dl/data/leboncoin-private/raw/images/excellent_condition/3240459352/00.jpg,3240459352,excellent_condition,intact,0409.jpg,True,0.24750067407563328,False
0410,dl/data/leboncoin-private/raw/images/not_drivable/3222427761/02.jpg,3222427761,not_drivable,abime,0410.jpg,True,0.3338518055104225,True
0411,dl/data/leboncoin-private/raw/images/undamaged/3240311828/00.jpg,3240311828,undamaged,intact,0411.jpg,True,0.9910454560021763,True
0412,dl/data/leboncoin-private/raw/images/undamaged/3239907362/02.jpg,3239907362,undamaged,intact,0412.jpg,True,0.23521491859719973,False
0413,dl/data/leboncoin-private/raw/images/undamaged/3239633755/02.jpg,3239633755,undamaged,intact,0413.jpg,True,0.2661501124910493,False
0414,dl/data/leboncoin-private/raw/images/excellent_condition/3240468016/02.jpg,3240468016,excellent_condition,intact,0414.jpg,True,0.8395505408047605,True
0415,dl/data/leboncoin-private/raw/images/not_drivable/3214688433/00.jpg,3214688433,not_drivable,abime,0415.jpg,True,0.3284937294214615,True
0416,dl/data/leboncoin-private/raw/images/excellent_condition/3240346115/00.jpg,3240346115,excellent_condition,intact,0416.jpg,True,0.13452127410219206,False
0417,dl/data/leboncoin-private/raw/images/not_drivable/3223161935/02.jpg,3223161935,not_drivable,abime,0417.jpg,True,0.7333895087698781,True
0418,dl/data/leboncoin-private/raw/images/damaged/3212472786/00.jpg,3212472786,damaged,abime,0418.jpg,True,0.42307816158414496,True
0419,dl/data/leboncoin-private/raw/images/damaged/3170310515/02.jpg,3170310515,damaged,abime,0419.jpg,True,0.7403612276329208,True
0420,dl/data/leboncoin-private/raw/images/not_drivable/3229901682/01.jpg,3229901682,not_drivable,abime,0420.jpg,True,0.8111511039306194,True
0421,dl/data/leboncoin-private/raw/images/damaged/3231824624/00.jpg,3231824624,damaged,abime,0421.jpg,True,0.6809012948941142,True
0422,dl/data/leboncoin-private/raw/images/undamaged/3240466200/02.jpg,3240466200,undamaged,intact,0422.jpg,True,0.33784276141765396,True
0423,dl/data/leboncoin-private/raw/images/damaged/3228705836/00.jpg,3228705836,damaged,abime,0423.jpg,True,0.678532483620124,True
0424,dl/data/leboncoin-private/raw/images/excellent_condition/3240420657/01.jpg,3240420657,excellent_condition,intact,0424.jpg,False,,False
0425,dl/data/leboncoin-private/raw/images/not_drivable/3234000826/01.jpg,3234000826,not_drivable,abime,0425.jpg,True,0.385013827752597,True
0426,dl/data/leboncoin-private/raw/images/undamaged/3239409358/01.jpg,3239409358,undamaged,intact,0426.jpg,True,0.9070201016432833,True
0427,dl/data/leboncoin-private/raw/images/undamaged/3240253379/01.jpg,3240253379,undamaged,intact,0427.jpg,True,0.4796090228237334,True
0428,dl/data/leboncoin-private/raw/images/undamaged/3239924315/00.jpg,3239924315,undamaged,intact,0428.jpg,True,0.4687773813797997,True
0429,dl/data/leboncoin-private/raw/images/not_drivable/3235812149/02.jpg,3235812149,not_drivable,abime,0429.jpg,True,0.17863523683448437,False
0430,dl/data/leboncoin-private/raw/images/not_drivable/3238692806/01.jpg,3238692806,not_drivable,abime,0430.jpg,True,0.6050942525882846,True
0431,dl/data/leboncoin-private/raw/images/undamaged/3240156743/01.jpg,3240156743,undamaged,intact,0431.jpg,True,0.8133511857661618,True
0432,dl/data/leboncoin-private/raw/images/damaged/3232405380/00.jpg,3232405380,damaged,abime,0432.jpg,True,0.42018895587875776,True
0433,dl/data/leboncoin-private/raw/images/not_drivable/3228158376/00.jpg,3228158376,not_drivable,abime,0433.jpg,True,0.5591039868197347,True
0434,dl/data/leboncoin-private/raw/images/not_drivable/3174426870/01.jpg,3174426870,not_drivable,abime,0434.jpg,True,0.31538665879072797,True
0435,dl/data/leboncoin-private/raw/images/excellent_condition/3240448063/01.jpg,3240448063,excellent_condition,intact,0435.jpg,True,0.7638272445098307,True
0436,dl/data/leboncoin-private/raw/images/not_drivable/3211135008/00.jpg,3211135008,not_drivable,abime,0436.jpg,True,0.23426224856706684,False
0437,dl/data/leboncoin-private/raw/images/undamaged/3239460903/01.jpg,3239460903,undamaged,intact,0437.jpg,True,0.6176696411069279,True
0438,dl/data/leboncoin-private/raw/images/damaged/3212214030/02.jpg,3212214030,damaged,abime,0438.jpg,True,0.778394510470298,True
0439,dl/data/leboncoin-private/raw/images/undamaged/3233089626/02.jpg,3233089626,undamaged,intact,0439.jpg,True,0.7708991326051023,True
0440,dl/data/leboncoin-private/raw/images/damaged/3181919376/00.jpg,3181919376,damaged,abime,0440.jpg,True,0.5400738341588527,True
0441,dl/data/leboncoin-private/raw/images/excellent_condition/3240476006/04.jpg,3240476006,excellent_condition,intact,0441.jpg,True,0.33335917278454874,True
0442,dl/data/leboncoin-private/raw/images/damaged/3233503203/02.jpg,3233503203,damaged,abime,0442.jpg,True,0.008549087615483527,False
0443,dl/data/leboncoin-private/raw/images/excellent_condition/3240462621/00.jpg,3240462621,excellent_condition,intact,0443.jpg,True,0.28626103654084784,False
0444,dl/data/leboncoin-private/raw/images/not_drivable/3214848225/01.jpg,3214848225,not_drivable,abime,0444.jpg,True,0.4183138494774612,True
0445,dl/data/leboncoin-private/raw/images/not_drivable/3230396806/00.jpg,3230396806,not_drivable,abime,0445.jpg,True,0.7463012798232946,True
0446,dl/data/leboncoin-private/raw/images/excellent_condition/3240384164/01.jpg,3240384164,excellent_condition,intact,0446.jpg,True,0.7471073512622413,True
0447,dl/data/leboncoin-private/raw/images/excellent_condition/3240478491/00.jpg,3240478491,excellent_condition,intact,0447.jpg,True,0.26257399422595545,False
0448,dl/data/leboncoin-private/raw/images/damaged/3231827149/01.jpg,3231827149,damaged,abime,0448.jpg,True,0.9768507303847713,True
0449,dl/data/leboncoin-private/raw/images/damaged/3233211443/02.jpg,3233211443,damaged,abime,0449.jpg,True,0.2006884325815942,False
0450,dl/data/leboncoin-private/raw/images/undamaged/3239765512/01.jpg,3239765512,undamaged,intact,0450.jpg,True,0.3974067300086373,True
0451,dl/data/leboncoin-private/raw/images/undamaged/3240146791/00.jpg,3240146791,undamaged,intact,0451.jpg,True,0.3330738725100827,True
0452,dl/data/leboncoin-private/raw/images/damaged/3221346280/01.jpg,3221346280,damaged,abime,0452.jpg,True,0.54822943522844,True
0453,dl/data/leboncoin-private/raw/images/not_drivable/2985035428/00.jpg,2985035428,not_drivable,abime,0453.jpg,True,0.8491300795946709,True
0454,dl/data/leboncoin-private/raw/images/not_drivable/3183440182/02.jpg,3183440182,not_drivable,abime,0454.jpg,True,0.04124074810776455,False
0455,dl/data/leboncoin-private/raw/images/excellent_condition/3240425049/02.jpg,3240425049,excellent_condition,intact,0455.jpg,True,0.6325368973550948,True
0456,dl/data/leboncoin-private/raw/images/damaged/3229138354/02.jpg,3229138354,damaged,abime,0456.jpg,True,0.006947927528806031,False
0457,dl/data/leboncoin-private/raw/images/damaged/3228660030/01.jpg,3228660030,damaged,abime,0457.jpg,True,0.5460862839000804,True
0458,dl/data/leboncoin-private/raw/images/damaged/3227555309/00.jpg,3227555309,damaged,abime,0458.jpg,True,0.6529786883513632,True
0459,dl/data/leboncoin-private/raw/images/not_drivable/3239549942/01.jpg,3239549942,not_drivable,abime,0459.jpg,True,0.3810925239356309,True
0460,dl/data/leboncoin-private/raw/images/undamaged/3240192274/01.jpg,3240192274,undamaged,intact,0460.jpg,True,0.8572700570805597,True
0461,dl/data/leboncoin-private/raw/images/undamaged/3239916203/02.jpg,3239916203,undamaged,intact,0461.jpg,True,0.5613887279058254,True
0462,dl/data/leboncoin-private/raw/images/undamaged/3217251522/03.jpg,3217251522,undamaged,intact,0462.jpg,True,0.44078383492986256,True
0463,dl/data/leboncoin-private/raw/images/excellent_condition/3240393860/02.jpg,3240393860,excellent_condition,intact,0463.jpg,True,0.5043429625043054,True
0464,dl/data/leboncoin-private/raw/images/undamaged/3239950824/02.jpg,3239950824,undamaged,intact,0464.jpg,True,0.9784250476568914,True
0465,dl/data/leboncoin-private/raw/images/not_drivable/3225210398/01.jpg,3225210398,not_drivable,abime,0465.jpg,True,0.6649343568757317,True
0466,dl/data/leboncoin-private/raw/images/excellent_condition/2999189474/00.jpg,2999189474,excellent_condition,intact,0466.jpg,True,0.47976000143566294,True
0467,dl/data/leboncoin-private/raw/images/not_drivable/3129747060/01.jpg,3129747060,not_drivable,abime,0467.jpg,False,,False
0468,dl/data/leboncoin-private/raw/images/not_drivable/3221916037/02.jpg,3221916037,not_drivable,abime,0468.jpg,True,0.7634133925621315,True
0469,dl/data/leboncoin-private/raw/images/damaged/3168651519/01.jpg,3168651519,damaged,abime,0469.jpg,True,0.6878020867075229,True
0470,dl/data/leboncoin-private/raw/images/excellent_condition/3179599210/03.jpg,3179599210,excellent_condition,intact,0470.jpg,True,0.37126826698188575,True
0471,dl/data/leboncoin-private/raw/images/damaged/3239694899/00.jpg,3239694899,damaged,abime,0471.jpg,True,0.44349996075026504,True
0472,dl/data/leboncoin-private/raw/images/damaged/3239429181/00.jpg,3239429181,damaged,abime,0472.jpg,True,0.2524862576092147,False
0473,dl/data/leboncoin-private/raw/images/excellent_condition/3240465581/01.jpg,3240465581,excellent_condition,intact,0473.jpg,True,0.9413520455807513,True
0474,dl/data/leboncoin-private/raw/images/damaged/3236842655/00.jpg,3236842655,damaged,abime,0474.jpg,False,,False
0475,dl/data/leboncoin-private/raw/images/damaged/3229225849/02.jpg,3229225849,damaged,abime,0475.jpg,True,0.6737916420893642,True
0476,dl/data/leboncoin-private/raw/images/damaged/3240405368/01.jpg,3240405368,damaged,abime,0476.jpg,True,0.5144403389638004,True
0477,dl/data/leboncoin-private/raw/images/undamaged/3239265096/00.jpg,3239265096,undamaged,intact,0477.jpg,True,0.26361610256258367,False
0478,dl/data/leboncoin-private/raw/images/undamaged/3239676435/01.jpg,3239676435,undamaged,intact,0478.jpg,True,0.36279821540940205,True
0479,dl/data/leboncoin-private/raw/images/damaged/3221831964/01.jpg,3221831964,damaged,abime,0479.jpg,True,0.3490835018764168,True
0480,dl/data/leboncoin-private/raw/images/not_drivable/3222026463/00.jpg,3222026463,not_drivable,abime,0480.jpg,True,0.7001230830052559,True
0481,dl/data/leboncoin-private/raw/images/damaged/3221086460/00.jpg,3221086460,damaged,abime,0481.jpg,False,,False
0482,dl/data/leboncoin-private/raw/images/excellent_condition/3240484567/01.jpg,3240484567,excellent_condition,intact,0482.jpg,True,0.2755714339642189,False
0483,dl/data/leboncoin-private/raw/images/damaged/3229520764/00.jpg,3229520764,damaged,abime,0483.jpg,True,0.1582973434101984,False
0484,dl/data/leboncoin-private/raw/images/not_drivable/3226512719/00.jpg,3226512719,not_drivable,abime,0484.jpg,True,0.4778563897216333,True
0485,dl/data/leboncoin-private/raw/images/excellent_condition/3240441559/00.jpg,3240441559,excellent_condition,intact,0485.jpg,True,0.405236274980648,True
0486,dl/data/leboncoin-private/raw/images/damaged/3233254372/02.jpg,3233254372,damaged,abime,0486.jpg,True,0.00178220464015529,False
0487,dl/data/leboncoin-private/raw/images/excellent_condition/3240453592/01.jpg,3240453592,excellent_condition,intact,0487.jpg,True,0.7308350456602839,True
0488,dl/data/leboncoin-private/raw/images/undamaged/3240310165/00.jpg,3240310165,undamaged,intact,0488.jpg,True,0.550775904533591,True
0489,dl/data/leboncoin-private/raw/images/excellent_condition/3239166238/02.jpg,3239166238,excellent_condition,intact,0489.jpg,True,0.5096039338553543,True
0490,dl/data/leboncoin-private/raw/images/damaged/3236484530/01.jpg,3236484530,damaged,abime,0490.jpg,True,0.924332825865544,True
0491,dl/data/leboncoin-private/raw/images/excellent_condition/3240323250/01.jpg,3240323250,excellent_condition,intact,0491.jpg,True,0.4317183591868408,True
0492,dl/data/leboncoin-private/raw/images/not_drivable/3237478748/02.jpg,3237478748,not_drivable,abime,0492.jpg,True,0.5606057771050221,True
0493,dl/data/leboncoin-private/raw/images/undamaged/3240132352/02.jpg,3240132352,undamaged,intact,0493.jpg,True,0.18332079189465417,False
0494,dl/data/leboncoin-private/raw/images/not_drivable/3238401517/02.jpg,3238401517,not_drivable,abime,0494.jpg,False,,False
0495,dl/data/leboncoin-private/raw/images/damaged/3235163174/01.jpg,3235163174,damaged,abime,0495.jpg,True,0.9651024948725461,True
0496,dl/data/leboncoin-private/raw/images/damaged/2828007227/00.jpg,2828007227,damaged,abime,0496.jpg,True,0.2573558100796898,False
0497,dl/data/leboncoin-private/raw/images/not_drivable/3229667016/01.jpg,3229667016,not_drivable,abime,0497.jpg,True,0.3443155029769226,True
0498,dl/data/leboncoin-private/raw/images/damaged/3233683791/02.jpg,3233683791,damaged,abime,0498.jpg,True,0.4283024406433105,True
0499,dl/data/leboncoin-private/raw/images/not_drivable/3216758503/00.jpg,3216758503,not_drivable,abime,0499.jpg,True,0.6516734336207116,True
0500,dl/data/leboncoin-private/raw/images/undamaged/3240082594/01.jpg,3240082594,undamaged,intact,0500.jpg,True,0.6406054792704503,True
0501,dl/data/leboncoin-private/raw/images/undamaged/2963238805/00.jpg,2963238805,undamaged,intact,0501.jpg,True,0.5228745854043596,True
0502,dl/data/leboncoin-private/raw/images/damaged/3185064135/01.jpg,3185064135,damaged,abime,0502.jpg,True,0.33726951376749165,True
0503,dl/data/leboncoin-private/raw/images/damaged/3208356644/00.jpg,3208356644,damaged,abime,0503.jpg,True,0.49480268882450873,True
0504,dl/data/leboncoin-private/raw/images/undamaged/3239104345/01.jpg,3239104345,undamaged,intact,0504.jpg,True,0.4901984800863799,True
0505,dl/data/leboncoin-private/raw/images/damaged/3196185998/02.jpg,3196185998,damaged,abime,0505.jpg,True,0.5943774564057079,True
0506,dl/data/leboncoin-private/raw/images/excellent_condition/3228561705/01.jpg,3228561705,excellent_condition,intact,0506.jpg,True,0.4052515285746239,True
0507,dl/data/leboncoin-private/raw/images/not_drivable/3224635126/02.jpg,3224635126,not_drivable,abime,0507.jpg,True,0.7252551174163818,True
0508,dl/data/leboncoin-private/raw/images/undamaged/3239649145/00.jpg,3239649145,undamaged,intact,0508.jpg,True,0.5037626287036167,True
0509,dl/data/leboncoin-private/raw/images/not_drivable/3238542797/01.jpg,3238542797,not_drivable,abime,0509.jpg,True,0.7076549806381263,True
0510,dl/data/leboncoin-private/raw/images/damaged/3240325675/01.jpg,3240325675,damaged,abime,0510.jpg,True,0.366458740234375,True
0511,dl/data/leboncoin-private/raw/images/excellent_condition/3236376724/02.jpg,3236376724,excellent_condition,intact,0511.jpg,True,0.6260455766374168,True
0512,dl/data/leboncoin-private/raw/images/excellent_condition/3240418556/01.jpg,3240418556,excellent_condition,intact,0512.jpg,True,0.06553431707557368,False
0513,dl/data/leboncoin-private/raw/images/damaged/3226050413/00.jpg,3226050413,damaged,abime,0513.jpg,True,0.5321088636996312,True
0514,dl/data/leboncoin-private/raw/images/damaged/3212493220/00.jpg,3212493220,damaged,abime,0514.jpg,True,0.3124599075135528,True
0515,dl/data/leboncoin-private/raw/images/excellent_condition/3240369767/00.jpg,3240369767,excellent_condition,intact,0515.jpg,True,0.30425448543013245,True
0516,dl/data/leboncoin-private/raw/images/undamaged/3239408474/02.jpg,3239408474,undamaged,intact,0516.jpg,True,0.8437446842622827,True
0517,dl/data/leboncoin-private/raw/images/not_drivable/3239547762/01.jpg,3239547762,not_drivable,abime,0517.jpg,True,0.4152773332358881,True
0518,dl/data/leboncoin-private/raw/images/undamaged/3239169640/02.jpg,3239169640,undamaged,intact,0518.jpg,True,0.25449164060795093,False
0519,dl/data/leboncoin-private/raw/images/damaged/3232596633/01.jpg,3232596633,damaged,abime,0519.jpg,True,0.9589158086390845,True
0520,dl/data/leboncoin-private/raw/images/damaged/3200413044/01.jpg,3200413044,damaged,abime,0520.jpg,True,0.9805564396649511,True
0521,dl/data/leboncoin-private/raw/images/not_drivable/3234432499/01.jpg,3234432499,not_drivable,abime,0521.jpg,True,0.5550167870881006,True
0522,dl/data/leboncoin-private/raw/images/undamaged/3240111635/01.jpg,3240111635,undamaged,intact,0522.jpg,True,0.4066940235147682,True
0523,dl/data/leboncoin-private/raw/images/not_drivable/3240244549/00.jpg,3240244549,not_drivable,abime,0523.jpg,True,0.5333245203784199,True
0524,dl/data/leboncoin-private/raw/images/damaged/2878861672/01.jpg,2878861672,damaged,abime,0524.jpg,True,0.48264663565867627,True
0525,dl/data/leboncoin-private/raw/images/damaged/3235542436/00.jpg,3235542436,damaged,abime,0525.jpg,True,0.4328689316097319,True
0526,dl/data/leboncoin-private/raw/images/not_drivable/3168786539/01.jpg,3168786539,not_drivable,abime,0526.jpg,True,0.5462007113723504,True
0527,dl/data/leboncoin-private/raw/images/undamaged/3240450211/01.jpg,3240450211,undamaged,intact,0527.jpg,True,0.3188513612343981,True
0528,dl/data/leboncoin-private/raw/images/undamaged/3239245881/00.jpg,3239245881,undamaged,intact,0528.jpg,True,0.6938597679138183,True
0529,dl/data/leboncoin-private/raw/images/undamaged/3240214486/00.jpg,3240214486,undamaged,intact,0529.jpg,True,0.6629336110447795,True
0530,dl/data/leboncoin-private/raw/images/undamaged/3239578734/01.jpg,3239578734,undamaged,intact,0530.jpg,True,0.5512045870209219,True
0531,dl/data/leboncoin-private/raw/images/undamaged/3234707536/01.jpg,3234707536,undamaged,intact,0531.jpg,True,0.21520772203193408,False
0532,dl/data/leboncoin-private/raw/images/damaged/3223058776/02.jpg,3223058776,damaged,abime,0532.jpg,True,0.44521097235989876,True
0533,dl/data/leboncoin-private/raw/images/excellent_condition/3240429744/01.jpg,3240429744,excellent_condition,intact,0533.jpg,True,0.29051835633654266,False
0534,dl/data/leboncoin-private/raw/images/damaged/3232915609/00.jpg,3232915609,damaged,abime,0534.jpg,True,0.5592197565540464,True
0535,dl/data/leboncoin-private/raw/images/damaged/3219395950/00.jpg,3219395950,damaged,abime,0535.jpg,True,0.2538981011420838,False
0536,dl/data/leboncoin-private/raw/images/not_drivable/3218240936/00.jpg,3218240936,not_drivable,abime,0536.jpg,True,0.08716962441525881,False
0537,dl/data/leboncoin-private/raw/images/damaged/3236035520/01.jpg,3236035520,damaged,abime,0537.jpg,True,0.44397191769887284,True
0538,dl/data/leboncoin-private/raw/images/damaged/3233332974/00.jpg,3233332974,damaged,abime,0538.jpg,True,0.6223300956776627,True
0539,dl/data/leboncoin-private/raw/images/undamaged/3232577174/02.jpg,3232577174,undamaged,intact,0539.jpg,True,0.4731685742784466,True
0540,dl/data/leboncoin-private/raw/images/damaged/3231965317/02.jpg,3231965317,damaged,abime,0540.jpg,True,0.3018910348292298,True
0541,dl/data/leboncoin-private/raw/images/undamaged/3240270981/01.jpg,3240270981,undamaged,intact,0541.jpg,True,0.4771153213605156,True
0542,dl/data/leboncoin-private/raw/images/not_drivable/3229254647/00.jpg,3229254647,not_drivable,abime,0542.jpg,True,0.6792110607659576,True
0543,dl/data/leboncoin-private/raw/images/not_drivable/3239104805/02.jpg,3239104805,not_drivable,abime,0543.jpg,True,0.3144511288505462,True
0544,dl/data/leboncoin-private/raw/images/damaged/3229848431/01.jpg,3229848431,damaged,abime,0544.jpg,True,0.6058826283030612,True
0545,dl/data/leboncoin-private/raw/images/damaged/3231845438/00.jpg,3231845438,damaged,abime,0545.jpg,True,0.7888891375078273,True
0546,dl/data/leboncoin-private/raw/images/damaged/3233119675/01.jpg,3233119675,damaged,abime,0546.jpg,True,0.6621397226788929,True
0547,dl/data/leboncoin-private/raw/images/not_drivable/3213427097/01.jpg,3213427097,not_drivable,abime,0547.jpg,True,0.6583301031044001,True
0548,dl/data/leboncoin-private/raw/images/excellent_condition/3240356399/01.jpg,3240356399,excellent_condition,intact,0548.jpg,True,0.9142351652569509,True
0549,dl/data/leboncoin-private/raw/images/excellent_condition/3240453131/02.jpg,3240453131,excellent_condition,intact,0549.jpg,True,0.4361453044696727,True
0550,dl/data/leboncoin-private/raw/images/undamaged/3239117599/00.jpg,3239117599,undamaged,intact,0550.jpg,True,0.963346535060535,True
0551,dl/data/leboncoin-private/raw/images/damaged/3235339221/02.jpg,3235339221,damaged,abime,0551.jpg,True,0.9883376834702094,True
0552,dl/data/leboncoin-private/raw/images/damaged/3221562512/01.jpg,3221562512,damaged,abime,0552.jpg,True,0.358487918687184,True
0553,dl/data/leboncoin-private/raw/images/excellent_condition/3240421827/01.jpg,3240421827,excellent_condition,intact,0553.jpg,True,0.2631898407111944,False
0554,dl/data/leboncoin-private/raw/images/excellent_condition/3240324963/02.jpg,3240324963,excellent_condition,intact,0554.jpg,True,0.8699710348691783,True
0555,dl/data/leboncoin-private/raw/images/not_drivable/3218742019/00.jpg,3218742019,not_drivable,abime,0555.jpg,True,0.2559119199916211,False
0556,dl/data/leboncoin-private/raw/images/undamaged/3239316038/01.jpg,3239316038,undamaged,intact,0556.jpg,False,,False
0557,dl/data/leboncoin-private/raw/images/excellent_condition/3240434820/02.jpg,3240434820,excellent_condition,intact,0557.jpg,True,0.9299212103884551,True
0558,dl/data/leboncoin-private/raw/images/undamaged/3239749661/01.jpg,3239749661,undamaged,intact,0558.jpg,True,0.2863059473721569,False
0559,dl/data/leboncoin-private/raw/images/undamaged/3239698660/02.jpg,3239698660,undamaged,intact,0559.jpg,True,0.6314590134150706,True
0560,dl/data/leboncoin-private/raw/images/damaged/3216471985/01.jpg,3216471985,damaged,abime,0560.jpg,True,0.4503392385137151,True
0561,dl/data/leboncoin-private/raw/images/not_drivable/3239123437/00.jpg,3239123437,not_drivable,abime,0561.jpg,True,0.14662972675834315,False
0562,dl/data/leboncoin-private/raw/images/not_drivable/3232813947/00.jpg,3232813947,not_drivable,abime,0562.jpg,True,0.18480417497408672,False
0563,dl/data/leboncoin-private/raw/images/undamaged/3239089432/01.jpg,3239089432,undamaged,intact,0563.jpg,True,0.28580674534952416,False
0564,dl/data/leboncoin-private/raw/images/undamaged/3240004507/01.jpg,3240004507,undamaged,intact,0564.jpg,True,0.605403069658879,True
0565,dl/data/leboncoin-private/raw/images/excellent_condition/3240375258/03.jpg,3240375258,excellent_condition,intact,0565.jpg,True,0.43902500128955674,True
0566,dl/data/leboncoin-private/raw/images/excellent_condition/3240478043/00.jpg,3240478043,excellent_condition,intact,0566.jpg,False,,False
0567,dl/data/leboncoin-private/raw/images/not_drivable/3216126439/00.jpg,3216126439,not_drivable,abime,0567.jpg,True,0.5244189262543063,True
0568,dl/data/leboncoin-private/raw/images/not_drivable/3223760243/00.jpg,3223760243,not_drivable,abime,0568.jpg,True,0.9137980636502876,True
0569,dl/data/leboncoin-private/raw/images/not_drivable/3226442032/01.jpg,3226442032,not_drivable,abime,0569.jpg,True,0.24914834809273598,False
0570,dl/data/leboncoin-private/raw/images/not_drivable/3235776917/00.jpg,3235776917,not_drivable,abime,0570.jpg,True,0.6006610076821446,True
0571,dl/data/leboncoin-private/raw/images/undamaged/3240324478/00.jpg,3240324478,undamaged,intact,0571.jpg,True,0.27545362141628515,False
0572,dl/data/leboncoin-private/raw/images/undamaged/3240283862/02.jpg,3240283862,undamaged,intact,0572.jpg,True,0.9748864451636022,True
0573,dl/data/leboncoin-private/raw/images/damaged/3188712928/00.jpg,3188712928,damaged,abime,0573.jpg,True,0.1521865542084699,False
0574,dl/data/leboncoin-private/raw/images/not_drivable/3238414725/00.jpg,3238414725,not_drivable,abime,0574.jpg,True,0.32567125115394785,True
0575,dl/data/leboncoin-private/raw/images/excellent_condition/3240465354/02.jpg,3240465354,excellent_condition,intact,0575.jpg,True,0.9204184384170718,True
0576,dl/data/leboncoin-private/raw/images/not_drivable/3216537074/02.jpg,3216537074,not_drivable,abime,0576.jpg,True,0.783072412882987,True
0577,dl/data/leboncoin-private/raw/images/excellent_condition/3187264590/06.jpg,3187264590,excellent_condition,intact,0577.jpg,True,0.90096797807608,True
0578,dl/data/leboncoin-private/raw/images/not_drivable/3218028255/00.jpg,3218028255,not_drivable,abime,0578.jpg,True,0.6523713233374872,True
0579,dl/data/leboncoin-private/raw/images/not_drivable/3240293187/00.jpg,3240293187,not_drivable,abime,0579.jpg,True,0.7545277368290991,True
0580,dl/data/leboncoin-private/raw/images/excellent_condition/3230912230/00.jpg,3230912230,excellent_condition,intact,0580.jpg,True,0.9448731875556688,True
0581,dl/data/leboncoin-private/raw/images/undamaged/3240389873/02.jpg,3240389873,undamaged,intact,0581.jpg,True,0.8831695951427042,True
0582,dl/data/leboncoin-private/raw/images/undamaged/3239268503/01.jpg,3239268503,undamaged,intact,0582.jpg,True,0.3274683691071432,True
0583,dl/data/leboncoin-private/raw/images/undamaged/3239867245/01.jpg,3239867245,undamaged,intact,0583.jpg,True,0.12465434449443905,False
0584,dl/data/leboncoin-private/raw/images/excellent_condition/3240451347/00.jpg,3240451347,excellent_condition,intact,0584.jpg,True,0.35004073426889953,True
0585,dl/data/leboncoin-private/raw/images/undamaged/3227431514/02.jpg,3227431514,undamaged,intact,0585.jpg,True,0.8561769296847946,True
0586,dl/data/leboncoin-private/raw/images/not_drivable/3209720662/02.jpg,3209720662,not_drivable,abime,0586.jpg,True,0.7433966633655364,True
0587,dl/data/leboncoin-private/raw/images/undamaged/3240404159/02.jpg,3240404159,undamaged,intact,0587.jpg,True,0.21726237238654866,False
0588,dl/data/leboncoin-private/raw/images/damaged/3226341035/02.jpg,3226341035,damaged,abime,0588.jpg,True,0.87524789075484,True
0589,dl/data/leboncoin-private/raw/images/not_drivable/3234824929/02.jpg,3234824929,not_drivable,abime,0589.jpg,True,0.8516954542323818,True
0590,dl/data/leboncoin-private/raw/images/excellent_condition/3240383418/00.jpg,3240383418,excellent_condition,intact,0590.jpg,True,0.32121144803451995,True
0591,dl/data/leboncoin-private/raw/images/excellent_condition/3240484181/02.jpg,3240484181,excellent_condition,intact,0591.jpg,True,0.9493162847870832,True
0592,dl/data/leboncoin-private/raw/images/undamaged/3239304153/00.jpg,3239304153,undamaged,intact,0592.jpg,True,0.618318913670404,True
0593,dl/data/leboncoin-private/raw/images/excellent_condition/3221349702/00.jpg,3221349702,excellent_condition,intact,0593.jpg,True,0.4407594230999168,True
0594,dl/data/leboncoin-private/raw/images/damaged/3218583141/01.jpg,3218583141,damaged,abime,0594.jpg,True,0.7814382631791355,True
0595,dl/data/leboncoin-private/raw/images/damaged/3206765881/02.jpg,3206765881,damaged,abime,0595.jpg,True,0.3471161944592866,True
0596,dl/data/leboncoin-private/raw/images/damaged/3232460655/02.jpg,3232460655,damaged,abime,0596.jpg,False,,False
0597,dl/data/leboncoin-private/raw/images/not_drivable/3228479819/02.jpg,3228479819,not_drivable,abime,0597.jpg,True,0.5167070020836719,True
0598,dl/data/leboncoin-private/raw/images/not_drivable/3210172564/02.jpg,3210172564,not_drivable,abime,0598.jpg,True,0.25930619517620607,False
0599,dl/data/leboncoin-private/raw/images/not_drivable/3230330327/02.jpg,3230330327,not_drivable,abime,0599.jpg,True,0.7273457726690928,True
0600,dl/data/leboncoin-private/raw/images/excellent_condition/3212805817/00.jpg,3212805817,excellent_condition,intact,0600.jpg,True,0.6799967346895316,True
0601,dl/data/leboncoin-private/raw/images/damaged/3212546951/01.jpg,3212546951,damaged,abime,0601.jpg,True,0.7928924098601449,True
0602,dl/data/leboncoin-private/raw/images/not_drivable/3238128222/01.jpg,3238128222,not_drivable,abime,0602.jpg,True,0.7725397181225868,True
0603,dl/data/leboncoin-private/raw/images/damaged/3210672190/02.jpg,3210672190,damaged,abime,0603.jpg,True,0.8070400288149746,True
0604,dl/data/leboncoin-private/raw/images/undamaged/3239806055/01.jpg,3239806055,undamaged,intact,0604.jpg,True,0.23358449264021475,False
0605,dl/data/leboncoin-private/raw/images/excellent_condition/3239609271/00.jpg,3239609271,excellent_condition,intact,0605.jpg,True,0.7604691594389956,True
0606,dl/data/leboncoin-private/raw/images/not_drivable/3227959082/10.jpg,3227959082,not_drivable,abime,0606.jpg,True,0.44003307876985054,True
0607,dl/data/leboncoin-private/raw/images/not_drivable/3240307882/00.jpg,3240307882,not_drivable,abime,0607.jpg,True,0.27547766405964164,False
0608,dl/data/leboncoin-private/raw/images/not_drivable/3235039819/00.jpg,3235039819,not_drivable,abime,0608.jpg,True,0.5418233920121529,True
0609,dl/data/leboncoin-private/raw/images/not_drivable/3239502340/01.jpg,3239502340,not_drivable,abime,0609.jpg,True,0.2551232254740113,False
0610,dl/data/leboncoin-private/raw/images/excellent_condition/3240417797/00.jpg,3240417797,excellent_condition,intact,0610.jpg,True,0.5828243975354753,True
0611,dl/data/leboncoin-private/raw/images/undamaged/3240216746/01.jpg,3240216746,undamaged,intact,0611.jpg,True,0.18322015073236256,False
0612,dl/data/leboncoin-private/raw/images/undamaged/3220381396/14.jpg,3220381396,undamaged,intact,0612.jpg,True,0.4956220765299027,True
0613,dl/data/leboncoin-private/raw/images/excellent_condition/3240362619/02.jpg,3240362619,excellent_condition,intact,0613.jpg,True,0.44227845766729557,True
0614,dl/data/leboncoin-private/raw/images/excellent_condition/3232427295/00.jpg,3232427295,excellent_condition,intact,0614.jpg,True,0.5647994003706649,True
0615,dl/data/leboncoin-private/raw/images/undamaged/3201514129/00.jpg,3201514129,undamaged,intact,0615.jpg,True,0.21550501069046005,False
0616,dl/data/leboncoin-private/raw/images/excellent_condition/3240453540/00.jpg,3240453540,excellent_condition,intact,0616.jpg,True,0.9056149542826383,True
0617,dl/data/leboncoin-private/raw/images/undamaged/3239673150/00.jpg,3239673150,undamaged,intact,0617.jpg,True,0.7127352208741854,True
0618,dl/data/leboncoin-private/raw/images/undamaged/3240226513/02.jpg,3240226513,undamaged,intact,0618.jpg,True,0.18949228608891522,False
0619,dl/data/leboncoin-private/raw/images/excellent_condition/3223222400/01.jpg,3223222400,excellent_condition,intact,0619.jpg,True,0.29273581071730825,False
0620,dl/data/leboncoin-private/raw/images/damaged/3227759398/02.jpg,3227759398,damaged,abime,0620.jpg,True,0.5979099638653861,True
0621,dl/data/leboncoin-private/raw/images/damaged/3228037554/02.jpg,3228037554,damaged,abime,0621.jpg,True,0.8187711896064024,True
0622,dl/data/leboncoin-private/raw/images/excellent_condition/3240467307/00.jpg,3240467307,excellent_condition,intact,0622.jpg,True,0.43566314310370363,True
0623,dl/data/leboncoin-private/raw/images/not_drivable/3214708903/02.jpg,3214708903,not_drivable,abime,0623.jpg,True,0.8049476445826702,True
0624,dl/data/leboncoin-private/raw/images/damaged/3239954761/00.jpg,3239954761,damaged,abime,0624.jpg,True,0.845977887995483,True
0625,dl/data/leboncoin-private/raw/images/not_drivable/3225781443/01.jpg,3225781443,not_drivable,abime,0625.jpg,True,0.20242761262436554,False
0626,dl/data/leboncoin-private/raw/images/damaged/3234806035/01.jpg,3234806035,damaged,abime,0626.jpg,True,0.4559400427619078,True
0627,dl/data/leboncoin-private/raw/images/excellent_condition/3240392306/02.jpg,3240392306,excellent_condition,intact,0627.jpg,True,0.9514512308933831,True
0628,dl/data/leboncoin-private/raw/images/damaged/3237108948/00.jpg,3237108948,damaged,abime,0628.jpg,True,0.6918541135388107,True
0629,dl/data/leboncoin-private/raw/images/excellent_condition/3240424800/00.jpg,3240424800,excellent_condition,intact,0629.jpg,True,0.5689525432041541,True
0630,dl/data/leboncoin-private/raw/images/undamaged/3239813171/01.jpg,3239813171,undamaged,intact,0630.jpg,True,0.5796831979352791,True
0631,dl/data/leboncoin-private/raw/images/damaged/3193521390/01.jpg,3193521390,damaged,abime,0631.jpg,True,0.28717420555507783,False
0632,dl/data/leboncoin-private/raw/images/excellent_condition/3199293066/00.jpg,3199293066,excellent_condition,intact,0632.jpg,True,0.5032499919983151,True
0633,dl/data/leboncoin-private/raw/images/damaged/3231904284/01.jpg,3231904284,damaged,abime,0633.jpg,True,0.6351833196592358,True
0634,dl/data/leboncoin-private/raw/images/damaged/3235025669/00.jpg,3235025669,damaged,abime,0634.jpg,True,0.4497669554442787,True
0635,dl/data/leboncoin-private/raw/images/undamaged/2925255024/02.jpg,2925255024,undamaged,intact,0635.jpg,True,0.9569008201360703,True
0636,dl/data/leboncoin-private/raw/images/damaged/3225254336/01.jpg,3225254336,damaged,abime,0636.jpg,True,0.4211392711664041,True
0637,dl/data/leboncoin-private/raw/images/undamaged/3239691961/01.jpg,3239691961,undamaged,intact,0637.jpg,True,0.7066491211051241,True
0638,dl/data/leboncoin-private/raw/images/undamaged/3228011869/02.jpg,3228011869,undamaged,intact,0638.jpg,True,0.3480947152983979,True
0639,dl/data/leboncoin-private/raw/images/undamaged/3239914514/02.jpg,3239914514,undamaged,intact,0639.jpg,False,,False
0640,dl/data/leboncoin-private/raw/images/undamaged/3206205680/00.jpg,3206205680,undamaged,intact,0640.jpg,True,0.2328226068776945,False
0641,dl/data/leboncoin-private/raw/images/damaged/3239416134/01.jpg,3239416134,damaged,abime,0641.jpg,True,0.6993105261517213,True
0642,dl/data/leboncoin-private/raw/images/not_drivable/3170482892/02.jpg,3170482892,not_drivable,abime,0642.jpg,True,0.9168931261479006,True
0643,dl/data/leboncoin-private/raw/images/damaged/3210351383/02.jpg,3210351383,damaged,abime,0643.jpg,True,0.614992568782034,True
0644,dl/data/leboncoin-private/raw/images/damaged/3207873441/02.jpg,3207873441,damaged,abime,0644.jpg,True,0.9898353984156675,True
0645,dl/data/leboncoin-private/raw/images/undamaged/3240262779/02.jpg,3240262779,undamaged,intact,0645.jpg,True,0.3186915422172328,True
0646,dl/data/leboncoin-private/raw/images/excellent_condition/3188506039/02.jpg,3188506039,excellent_condition,intact,0646.jpg,True,0.9198326919250301,True
0647,dl/data/leboncoin-private/raw/images/excellent_condition/3240371604/00.jpg,3240371604,excellent_condition,intact,0647.jpg,True,0.18633185926582385,False
0648,dl/data/leboncoin-private/raw/images/not_drivable/3104400896/01.jpg,3104400896,not_drivable,abime,0648.jpg,True,0.789868180646951,True
0649,dl/data/leboncoin-private/raw/images/excellent_condition/3240430779/01.jpg,3240430779,excellent_condition,intact,0649.jpg,True,0.3866602363884537,True
0650,dl/data/leboncoin-private/raw/images/damaged/3229260172/00.jpg,3229260172,damaged,abime,0650.jpg,True,0.4079761457893997,True
0651,dl/data/leboncoin-private/raw/images/damaged/3231298972/01.jpg,3231298972,damaged,abime,0651.jpg,True,0.48310229677845345,True
0652,dl/data/leboncoin-private/raw/images/not_drivable/3143118741/02.jpg,3143118741,not_drivable,abime,0652.jpg,True,0.9086245415570523,True
0653,dl/data/leboncoin-private/raw/images/undamaged/3240188410/00.jpg,3240188410,undamaged,intact,0653.jpg,True,0.22570407736834516,False
0654,dl/data/leboncoin-private/raw/images/excellent_condition/3237393669/01.jpg,3237393669,excellent_condition,intact,0654.jpg,True,0.843755340457923,True
0655,dl/data/leboncoin-private/raw/images/excellent_condition/3240326499/01.jpg,3240326499,excellent_condition,intact,0655.jpg,True,0.4698159260313754,True
0656,dl/data/leboncoin-private/raw/images/excellent_condition/3240421593/05.jpg,3240421593,excellent_condition,intact,0656.jpg,True,0.80788499658703,True
0657,dl/data/leboncoin-private/raw/images/excellent_condition/3240327748/00.jpg,3240327748,excellent_condition,intact,0657.jpg,True,0.32044472055790935,True
0658,dl/data/leboncoin-private/raw/images/undamaged/3239142648/02.jpg,3239142648,undamaged,intact,0658.jpg,True,0.7699257844893004,True
0659,dl/data/leboncoin-private/raw/images/damaged/3225952744/01.jpg,3225952744,damaged,abime,0659.jpg,True,0.9087529583543209,True
0660,dl/data/leboncoin-private/raw/images/not_drivable/3110035337/01.jpg,3110035337,not_drivable,abime,0660.jpg,False,,False
0661,dl/data/leboncoin-private/raw/images/excellent_condition/3240483800/05.jpg,3240483800,excellent_condition,intact,0661.jpg,True,0.3785960968273477,True
0662,dl/data/leboncoin-private/raw/images/excellent_condition/3240435853/01.jpg,3240435853,excellent_condition,intact,0662.jpg,True,0.25050457498364737,False
0663,dl/data/leboncoin-private/raw/images/damaged/3210492328/02.jpg,3210492328,damaged,abime,0663.jpg,True,0.4088372334865837,True
0664,dl/data/leboncoin-private/raw/images/not_drivable/3230356914/00.jpg,3230356914,not_drivable,abime,0664.jpg,True,0.35618753615564985,True
0665,dl/data/leboncoin-private/raw/images/damaged/3213289661/01.jpg,3213289661,damaged,abime,0665.jpg,True,0.6702523445018135,True
0666,dl/data/leboncoin-private/raw/images/undamaged/3239845906/02.jpg,3239845906,undamaged,intact,0666.jpg,True,0.9487506867120722,True
0667,dl/data/leboncoin-private/raw/images/excellent_condition/3203754849/02.jpg,3203754849,excellent_condition,intact,0667.jpg,True,0.9932316228816489,True
0668,dl/data/leboncoin-private/raw/images/not_drivable/3218226899/00.jpg,3218226899,not_drivable,abime,0668.jpg,True,0.19847873396484114,False
0669,dl/data/leboncoin-private/raw/images/not_drivable/3232324102/00.jpg,3232324102,not_drivable,abime,0669.jpg,True,0.5716509515432326,True
0670,dl/data/leboncoin-private/raw/images/excellent_condition/3240334467/00.jpg,3240334467,excellent_condition,intact,0670.jpg,True,0.4687344549626508,True
0671,dl/data/leboncoin-private/raw/images/not_drivable/3223096693/01.jpg,3223096693,not_drivable,abime,0671.jpg,True,0.8179019104121792,True
0672,dl/data/leboncoin-private/raw/images/undamaged/3239650580/00.jpg,3239650580,undamaged,intact,0672.jpg,True,0.5403038090237525,True
0673,dl/data/leboncoin-private/raw/images/undamaged/3240327016/02.jpg,3240327016,undamaged,intact,0673.jpg,True,0.5513451163691585,True
0674,dl/data/leboncoin-private/raw/images/undamaged/3240293896/01.jpg,3240293896,undamaged,intact,0674.jpg,True,0.2893822246981051,False
0675,dl/data/leboncoin-private/raw/images/excellent_condition/3240436379/01.jpg,3240436379,excellent_condition,intact,0675.jpg,True,0.24890941036330574,False
0676,dl/data/leboncoin-private/raw/images/undamaged/3239400073/01.jpg,3239400073,undamaged,intact,0676.jpg,True,0.39230366336320005,True
0677,dl/data/leboncoin-private/raw/images/undamaged/3233987476/00.jpg,3233987476,undamaged,intact,0677.jpg,True,0.49843196416362046,True
0678,dl/data/leboncoin-private/raw/images/undamaged/3239268012/00.jpg,3239268012,undamaged,intact,0678.jpg,True,0.3132969809549559,True
0679,dl/data/leboncoin-private/raw/images/undamaged/3240458845/02.jpg,3240458845,undamaged,intact,0679.jpg,True,0.8885234036560827,True
0680,dl/data/leboncoin-private/raw/images/undamaged/3240205073/02.jpg,3240205073,undamaged,intact,0680.jpg,True,0.6515152447031324,True
0681,dl/data/leboncoin-private/raw/images/undamaged/3240210340/01.jpg,3240210340,undamaged,intact,0681.jpg,True,0.3836453477895411,True
0682,dl/data/leboncoin-private/raw/images/damaged/3225796948/01.jpg,3225796948,damaged,abime,0682.jpg,True,0.9580706222225621,True
0683,dl/data/leboncoin-private/raw/images/damaged/3208160952/00.jpg,3208160952,damaged,abime,0683.jpg,True,0.5708476978900576,True
0684,dl/data/leboncoin-private/raw/images/excellent_condition/3240333467/00.jpg,3240333467,excellent_condition,intact,0684.jpg,True,0.278397829608269,False
0685,dl/data/leboncoin-private/raw/images/undamaged/3046251880/01.jpg,3046251880,undamaged,intact,0685.jpg,True,0.8408179276736437,True
0686,dl/data/leboncoin-private/raw/images/damaged/3214202632/00.jpg,3214202632,damaged,abime,0686.jpg,True,0.67588718822189,True
0687,dl/data/leboncoin-private/raw/images/undamaged/3240329307/02.jpg,3240329307,undamaged,intact,0687.jpg,True,0.7836191117610142,True
0688,dl/data/leboncoin-private/raw/images/damaged/3234491380/01.jpg,3234491380,damaged,abime,0688.jpg,True,0.2809443286745634,False
0689,dl/data/leboncoin-private/raw/images/undamaged/3240376217/00.jpg,3240376217,undamaged,intact,0689.jpg,True,0.65182459477837,True
0690,dl/data/leboncoin-private/raw/images/excellent_condition/3240336639/02.jpg,3240336639,excellent_condition,intact,0690.jpg,True,0.7899084164667405,True
0691,dl/data/leboncoin-private/raw/images/undamaged/3240191260/00.jpg,3240191260,undamaged,intact,0691.jpg,True,0.10877592890717269,False
0692,dl/data/leboncoin-private/raw/images/undamaged/3235821551/07.jpg,3235821551,undamaged,intact,0692.jpg,True,0.13471852840578782,False
0693,dl/data/leboncoin-private/raw/images/not_drivable/3086395049/01.jpg,3086395049,not_drivable,abime,0693.jpg,True,0.8693112142501606,True
0694,dl/data/leboncoin-private/raw/images/damaged/3228081505/00.jpg,3228081505,damaged,abime,0694.jpg,True,0.17434855633066326,False
0695,dl/data/leboncoin-private/raw/images/excellent_condition/3221087191/01.jpg,3221087191,excellent_condition,intact,0695.jpg,True,0.3162956787285201,True
0696,dl/data/leboncoin-private/raw/images/damaged/3237936047/02.jpg,3237936047,damaged,abime,0696.jpg,True,0.8213351289357718,True
0697,dl/data/leboncoin-private/raw/images/excellent_condition/3240477797/02.jpg,3240477797,excellent_condition,intact,0697.jpg,True,0.8933573047067538,True
0698,dl/data/leboncoin-private/raw/images/excellent_condition/3240357432/01.jpg,3240357432,excellent_condition,intact,0698.jpg,True,0.38701914000501636,True
0699,dl/data/leboncoin-private/raw/images/excellent_condition/3240416766/00.jpg,3240416766,excellent_condition,intact,0699.jpg,True,0.2600405753782989,False
0700,dl/data/leboncoin-private/raw/images/damaged/3233690364/01.jpg,3233690364,damaged,abime,0700.jpg,True,0.6018260906523523,True
0701,dl/data/leboncoin-private/raw/images/not_drivable/3216113934/00.jpg,3216113934,not_drivable,abime,0701.jpg,True,0.6184071678084437,True
0702,dl/data/leboncoin-private/raw/images/excellent_condition/3240446714/01.jpg,3240446714,excellent_condition,intact,0702.jpg,True,0.536076006127037,True
0703,dl/data/leboncoin-private/raw/images/excellent_condition/3227157425/02.jpg,3227157425,excellent_condition,intact,0703.jpg,True,0.7769828605651855,True
0704,dl/data/leboncoin-private/raw/images/not_drivable/3213203624/00.jpg,3213203624,not_drivable,abime,0704.jpg,True,0.7926395315509087,True
0705,dl/data/leboncoin-private/raw/images/excellent_condition/3134954252/00.jpg,3134954252,excellent_condition,intact,0705.jpg,True,0.5997819597196073,True
0706,dl/data/leboncoin-private/raw/images/not_drivable/3222796795/01.jpg,3222796795,not_drivable,abime,0706.jpg,True,0.8792924684878852,True
0707,dl/data/leboncoin-private/raw/images/undamaged/3240215018/00.jpg,3240215018,undamaged,intact,0707.jpg,True,0.3506442790678644,True
0708,dl/data/leboncoin-private/raw/images/undamaged/3239204030/02.jpg,3239204030,undamaged,intact,0708.jpg,True,0.8307422145958311,True
0709,dl/data/leboncoin-private/raw/images/not_drivable/3229047589/00.jpg,3229047589,not_drivable,abime,0709.jpg,True,0.44608233637963723,True
0710,dl/data/leboncoin-private/raw/images/not_drivable/3198595952/01.jpg,3198595952,not_drivable,abime,0710.jpg,True,0.6067578712927366,True
0711,dl/data/leboncoin-private/raw/images/undamaged/3239246379/01.jpg,3239246379,undamaged,intact,0711.jpg,True,0.7799897171530814,True
0712,dl/data/leboncoin-private/raw/images/damaged/3238840907/02.jpg,3238840907,damaged,abime,0712.jpg,True,0.6944859791904986,True
0713,dl/data/leboncoin-private/raw/images/excellent_condition/3240094754/01.jpg,3240094754,excellent_condition,intact,0713.jpg,True,0.6248918121770567,True
0714,dl/data/leboncoin-private/raw/images/damaged/3218427374/00.jpg,3218427374,damaged,abime,0714.jpg,True,0.6181976130213884,True
0715,dl/data/leboncoin-private/raw/images/excellent_condition/3240428041/02.jpg,3240428041,excellent_condition,intact,0715.jpg,True,0.9848004828559028,True
0716,dl/data/leboncoin-private/raw/images/excellent_condition/3240475622/02.jpg,3240475622,excellent_condition,intact,0716.jpg,True,0.9593028152692378,True
0717,dl/data/leboncoin-private/raw/images/not_drivable/3240212055/02.jpg,3240212055,not_drivable,abime,0717.jpg,True,0.9859563661010341,True
0718,dl/data/leboncoin-private/raw/images/undamaged/3239268068/00.jpg,3239268068,undamaged,intact,0718.jpg,True,0.31278760519356913,True
0719,dl/data/leboncoin-private/raw/images/undamaged/3240005540/02.jpg,3240005540,undamaged,intact,0719.jpg,True,0.3252374944559968,True
0720,dl/data/leboncoin-private/raw/images/undamaged/3240428397/00.jpg,3240428397,undamaged,intact,0720.jpg,True,0.6069182708768794,True
0721,dl/data/leboncoin-private/raw/images/not_drivable/3208577124/02.jpg,3208577124,not_drivable,abime,0721.jpg,True,0.4175765019099204,True
0722,dl/data/leboncoin-private/raw/images/undamaged/3240327793/02.jpg,3240327793,undamaged,intact,0722.jpg,True,0.5483458407905136,True
0723,dl/data/leboncoin-private/raw/images/excellent_condition/3206352891/01.jpg,3206352891,excellent_condition,intact,0723.jpg,True,0.51245052231633,True
0724,dl/data/leboncoin-private/raw/images/excellent_condition/3240429543/01.jpg,3240429543,excellent_condition,intact,0724.jpg,True,0.2482734593568665,False
0725,dl/data/leboncoin-private/raw/images/undamaged/3239465521/01.jpg,3239465521,undamaged,intact,0725.jpg,True,0.8171602929330313,True
0726,dl/data/leboncoin-private/raw/images/not_drivable/3229596395/00.jpg,3229596395,not_drivable,abime,0726.jpg,True,0.49366930990833935,True
0727,dl/data/leboncoin-private/raw/images/damaged/3228985187/01.jpg,3228985187,damaged,abime,0727.jpg,False,,False
0728,dl/data/leboncoin-private/raw/images/not_drivable/3199703863/01.jpg,3199703863,not_drivable,abime,0728.jpg,True,0.8666088132703444,True
0729,dl/data/leboncoin-private/raw/images/excellent_condition/3240334240/01.jpg,3240334240,excellent_condition,intact,0729.jpg,True,0.4292341121986228,True
0730,dl/data/leboncoin-private/raw/images/undamaged/3240058107/01.jpg,3240058107,undamaged,intact,0730.jpg,True,0.32222895230741416,True
0731,dl/data/leboncoin-private/raw/images/undamaged/3239662208/00.jpg,3239662208,undamaged,intact,0731.jpg,True,0.6042913532645124,True
0732,dl/data/leboncoin-private/raw/images/damaged/3229244272/02.jpg,3229244272,damaged,abime,0732.jpg,True,0.959570713944413,True
0733,dl/data/leboncoin-private/raw/images/undamaged/3239078304/01.jpg,3239078304,undamaged,intact,0733.jpg,True,0.5613040832463827,True
0734,dl/data/leboncoin-private/raw/images/excellent_condition/3240454010/01.jpg,3240454010,excellent_condition,intact,0734.jpg,True,0.8639730213135146,True
0735,dl/data/leboncoin-private/raw/images/undamaged/3239179022/00.jpg,3239179022,undamaged,intact,0735.jpg,True,0.3300130551102445,True
0736,dl/data/leboncoin-private/raw/images/excellent_condition/3240340107/01.jpg,3240340107,excellent_condition,intact,0736.jpg,True,0.3699322003293908,True
0737,dl/data/leboncoin-private/raw/images/excellent_condition/3240373952/02.jpg,3240373952,excellent_condition,intact,0737.jpg,True,0.6216364839741612,True
0738,dl/data/leboncoin-private/raw/images/not_drivable/3235544749/00.jpg,3235544749,not_drivable,abime,0738.jpg,True,0.47193134529184966,True
0739,dl/data/leboncoin-private/raw/images/damaged/3233428639/02.jpg,3233428639,damaged,abime,0739.jpg,True,0.9682871668699115,True
0740,dl/data/leboncoin-private/raw/images/undamaged/2890531125/02.jpg,2890531125,undamaged,intact,0740.jpg,True,0.7848387045220768,True
0741,dl/data/leboncoin-private/raw/images/not_drivable/3223315817/00.jpg,3223315817,not_drivable,abime,0741.jpg,True,0.3844523234796143,True
0742,dl/data/leboncoin-private/raw/images/excellent_condition/3240404963/01.jpg,3240404963,excellent_condition,intact,0742.jpg,True,0.3670740937964908,True
0743,dl/data/leboncoin-private/raw/images/excellent_condition/3240420438/02.jpg,3240420438,excellent_condition,intact,0743.jpg,True,0.8696108558176933,True
0744,dl/data/leboncoin-private/raw/images/excellent_condition/3193518828/02.jpg,3193518828,excellent_condition,intact,0744.jpg,True,0.8057271434581971,True
0745,dl/data/leboncoin-private/raw/images/damaged/3218063250/02.jpg,3218063250,damaged,abime,0745.jpg,True,0.9530203374226888,True
0746,dl/data/leboncoin-private/raw/images/damaged/3208490349/00.jpg,3208490349,damaged,abime,0746.jpg,True,0.17130584621504855,False
0747,dl/data/leboncoin-private/raw/images/undamaged/3239273964/01.jpg,3239273964,undamaged,intact,0747.jpg,True,0.5797359493558463,True
0748,dl/data/leboncoin-private/raw/images/not_drivable/3239813398/00.jpg,3239813398,not_drivable,abime,0748.jpg,True,0.9430396569392996,True
0749,dl/data/leboncoin-private/raw/images/undamaged/3239404448/01.jpg,3239404448,undamaged,intact,0749.jpg,True,0.6071067374330644,True
0750,dl/data/leboncoin-private/raw/images/undamaged/3236053102/02.jpg,3236053102,undamaged,intact,0750.jpg,True,0.3031607288846921,True
0751,dl/data/leboncoin-private/raw/images/undamaged/3240301605/00.jpg,3240301605,undamaged,intact,0751.jpg,True,0.4835550961270318,True
0752,dl/data/leboncoin-private/raw/images/damaged/3229401337/02.jpg,3229401337,damaged,abime,0752.jpg,True,0.9497064208984375,True
0753,dl/data/leboncoin-private/raw/images/damaged/3237912860/00.jpg,3237912860,damaged,abime,0753.jpg,True,0.5454725509443371,True
0754,dl/data/leboncoin-private/raw/images/not_drivable/3214546264/01.jpg,3214546264,not_drivable,abime,0754.jpg,True,0.14367719413437968,False
0755,dl/data/leboncoin-private/raw/images/undamaged/3240291253/01.jpg,3240291253,undamaged,intact,0755.jpg,True,0.32551416274611256,True
0756,dl/data/leboncoin-private/raw/images/excellent_condition/3240401263/00.jpg,3240401263,excellent_condition,intact,0756.jpg,True,0.41919771987256915,True
0757,dl/data/leboncoin-private/raw/images/not_drivable/3234768774/02.jpg,3234768774,not_drivable,abime,0757.jpg,True,0.9212070993179357,True
0758,dl/data/leboncoin-private/raw/images/damaged/3231010695/01.jpg,3231010695,damaged,abime,0758.jpg,True,0.9116934126390425,True
0759,dl/data/leboncoin-private/raw/images/damaged/3236824728/01.jpg,3236824728,damaged,abime,0759.jpg,True,0.8286781597116715,True
0760,dl/data/leboncoin-private/raw/images/not_drivable/3238251045/01.jpg,3238251045,not_drivable,abime,0760.jpg,True,0.9703047114689874,True
0761,dl/data/leboncoin-private/raw/images/not_drivable/3236523011/02.jpg,3236523011,not_drivable,abime,0761.jpg,True,0.985380487911264,True
0762,dl/data/leboncoin-private/raw/images/excellent_condition/3238583174/01.jpg,3238583174,excellent_condition,intact,0762.jpg,True,0.8152175898879616,True
0763,dl/data/leboncoin-private/raw/images/excellent_condition/3240443841/00.jpg,3240443841,excellent_condition,intact,0763.jpg,True,0.6549059264138893,True
0764,dl/data/leboncoin-private/raw/images/damaged/3231167073/01.jpg,3231167073,damaged,abime,0764.jpg,True,0.5413836100081596,True
0765,dl/data/leboncoin-private/raw/images/undamaged/3205592683/01.jpg,3205592683,undamaged,intact,0765.jpg,True,0.38040664932189977,True
0766,dl/data/leboncoin-private/raw/images/not_drivable/3223445086/00.jpg,3223445086,not_drivable,abime,0766.jpg,True,0.48639807924858086,True
0767,dl/data/leboncoin-private/raw/images/not_drivable/3163526716/00.jpg,3163526716,not_drivable,abime,0767.jpg,True,0.6435228199572742,True
0768,dl/data/leboncoin-private/raw/images/undamaged/3239935011/00.jpg,3239935011,undamaged,intact,0768.jpg,True,0.4892675961272237,True
0769,dl/data/leboncoin-private/raw/images/undamaged/3239858341/00.jpg,3239858341,undamaged,intact,0769.jpg,True,0.917779380596368,True
0770,dl/data/leboncoin-private/raw/images/damaged/3220413033/02.jpg,3220413033,damaged,abime,0770.jpg,True,0.6951936033135164,True
0771,dl/data/leboncoin-private/raw/images/damaged/3238429702/00.jpg,3238429702,damaged,abime,0771.jpg,True,0.8901907357806463,True
0772,dl/data/leboncoin-private/raw/images/not_drivable/3240161424/00.jpg,3240161424,not_drivable,abime,0772.jpg,True,0.7172934921821622,True
0773,dl/data/leboncoin-private/raw/images/not_drivable/3235490543/01.jpg,3235490543,not_drivable,abime,0773.jpg,True,0.8293047160373316,True
0774,dl/data/leboncoin-private/raw/images/undamaged/3239273333/02.jpg,3239273333,undamaged,intact,0774.jpg,True,0.3930831794513623,True
0775,dl/data/leboncoin-private/raw/images/undamaged/3240204620/00.jpg,3240204620,undamaged,intact,0775.jpg,True,0.5443848457286744,True
0776,dl/data/leboncoin-private/raw/images/damaged/3226065857/00.jpg,3226065857,damaged,abime,0776.jpg,True,0.7686163869881406,True
0777,dl/data/leboncoin-private/raw/images/not_drivable/3076027763/00.jpg,3076027763,not_drivable,abime,0777.jpg,False,,False
0778,dl/data/leboncoin-private/raw/images/not_drivable/3232813979/00.jpg,3232813979,not_drivable,abime,0778.jpg,True,0.6007667854256946,True
0779,dl/data/leboncoin-private/raw/images/undamaged/3239712405/02.jpg,3239712405,undamaged,intact,0779.jpg,True,0.40313144715720445,True
0780,dl/data/leboncoin-private/raw/images/undamaged/3239271507/00.jpg,3239271507,undamaged,intact,0780.jpg,True,0.3499164122967253,True
0781,dl/data/leboncoin-private/raw/images/damaged/3227778431/02.jpg,3227778431,damaged,abime,0781.jpg,True,0.6687718806135352,True
0782,dl/data/leboncoin-private/raw/images/damaged/3211673946/01.jpg,3211673946,damaged,abime,0782.jpg,True,0.6629887781269507,True
0783,dl/data/leboncoin-private/raw/images/not_drivable/3238149482/02.jpg,3238149482,not_drivable,abime,0783.jpg,False,,False
0784,dl/data/leboncoin-private/raw/images/excellent_condition/3240361481/00.jpg,3240361481,excellent_condition,intact,0784.jpg,True,0.36303337435879435,True
0785,dl/data/leboncoin-private/raw/images/excellent_condition/3240463660/01.jpg,3240463660,excellent_condition,intact,0785.jpg,True,0.5690579687529127,True
0786,dl/data/leboncoin-private/raw/images/not_drivable/3237590103/00.jpg,3237590103,not_drivable,abime,0786.jpg,True,0.7011458037547125,True
0787,dl/data/leboncoin-private/raw/images/damaged/3240412336/02.jpg,3240412336,damaged,abime,0787.jpg,True,0.35621036166607833,True
0788,dl/data/leboncoin-private/raw/images/undamaged/3240209821/00.jpg,3240209821,undamaged,intact,0788.jpg,True,0.3514066895510594,True
0789,dl/data/leboncoin-private/raw/images/damaged/3238434116/00.jpg,3238434116,damaged,abime,0789.jpg,True,0.6922241791776219,True
0790,dl/data/leboncoin-private/raw/images/not_drivable/3239829543/00.jpg,3239829543,not_drivable,abime,0790.jpg,True,0.34015959953050695,True
0791,dl/data/leboncoin-private/raw/images/excellent_condition/3195837186/00.jpg,3195837186,excellent_condition,intact,0791.jpg,True,0.3629778440803524,True
0792,dl/data/leboncoin-private/raw/images/not_drivable/3238107076/00.jpg,3238107076,not_drivable,abime,0792.jpg,True,0.7994501133483425,True
0793,dl/data/leboncoin-private/raw/images/undamaged/3239762987/00.jpg,3239762987,undamaged,intact,0793.jpg,True,0.36866992950439453,True
0794,dl/data/leboncoin-private/raw/images/excellent_condition/3240358096/00.jpg,3240358096,excellent_condition,intact,0794.jpg,True,0.3122519344453601,True
0795,dl/data/leboncoin-private/raw/images/not_drivable/3190022408/00.jpg,3190022408,not_drivable,abime,0795.jpg,True,0.7374818211542582,True
0796,dl/data/leboncoin-private/raw/images/not_drivable/3191226358/01.jpg,3191226358,not_drivable,abime,0796.jpg,True,0.6915355956693631,True
0797,dl/data/leboncoin-private/raw/images/undamaged/3239804307/02.jpg,3239804307,undamaged,intact,0797.jpg,True,0.9693236567602901,True
0798,dl/data/leboncoin-private/raw/images/not_drivable/3237460587/01.jpg,3237460587,not_drivable,abime,0798.jpg,True,0.0812438851285409,False
0799,dl/data/leboncoin-private/raw/images/damaged/3182751467/00.jpg,3182751467,damaged,abime,0799.jpg,True,0.6937875091092686,True
0800,dl/data/leboncoin-private/raw/images/not_drivable/3226524459/01.jpg,3226524459,not_drivable,abime,0800.jpg,True,0.4718978201787589,True
